feedback,sentiment
The staff were friendly and helped me quickly.,positive
The digital payment platform is easy to use and very reliable.,positive
I trust the bank because the branch service is consistent.,positive
The staff were inefficient and did not help me.,negative
The ATM system is easy to use and very reliable.,positive
The mobile app is easy to use and very reliable.,positive
The online banking platform is easy to use and very reliable.,positive
The banking system is easy to use and very reliable.,positive
The mobile banking service was very friendly and effective.,positive
I trust the bank because the digital payment service is consistent.,positive
I am not satisfied with the fund transfer service.,negative
The SMS notification service was very confusing and disorganized.,negative
My money transfer was completed without any problem.,positive
I trust the bank because the loan application process is consistent.,positive
The service at the mobile app was excellent.,positive
The banking system is difficult to use and unreliable.,negative
I do not trust the bank because the card replacement service has many errors.,negative
The banking system is easy to use and very reliable.,positive
The service at the branch was poor.,negative
The service at the branch was poor.,negative
"The customer support service is slow, confusing, and inconvenient.",negative
"The customer support service is slow, confusing, and inconvenient.",negative
My card payment failed and caused a problem.,negative
The service at the customer service desk was poor.,negative
"The internet banking service is fast, clear, and convenient.",positive
The ATM system is difficult to use and unreliable.,negative
I do not trust the bank because the card replacement service has many errors.,negative
I am very satisfied with the branch service.,positive
The bank did not solve my mobile banking problem properly.,negative
The staff were slow and did not help me.,negative
I am not satisfied with the card replacement service.,negative
"The agent banking service is slow, confusing, and inconvenient.",negative
I trust the bank because the card replacement service is consistent.,positive
The online transfer was successful and very fast.,positive
The customer support service was very delayed and frustrating.,negative
I like the agent banking option because it saves time.,positive
The bank did not solve my transaction complaint properly.,negative
The staff were confusing and did not help me.,negative
I am very satisfied with the card replacement service.,positive
The staff were excellent and helped me quickly.,positive
The banking app is confusing and crashes often.,negative
I am very satisfied with the agent banking service.,positive
My loan payment failed and caused a problem.,negative
"The SMS notification service is fast, clear, and convenient.",positive
The bank solved my mobile banking problem in a professional way.,positive
The digital payment service was very clear and organized.,positive
The service at the mobile app was excellent.,positive
The service at the ATM was excellent.,positive
I am not satisfied with the mobile banking service.,negative
The staff were clear and helped me quickly.,positive
The staff were confusing and did not help me.,negative
The loan officer explained everything clearly and respectfully.,positive
The staff were stressful and did not help me.,negative
The service at the agent banking location was poor.,negative
The online banking platform is difficult to use and unreliable.,negative
"The account opening process is slow, confusing, and inconvenient.",negative
The account opening process was very slow and unclear.,negative
The staff were unprofessional and did not help me.,negative
I dislike the call center support because it wastes time.,negative
I dislike the queue management system because it wastes time.,negative
The bank solved my loan request in a professional way.,positive
I am very satisfied with the SMS notification service.,positive
I do not trust the bank because the branch service has many errors.,negative
The system deducted my balance but the payment failed.,negative
I trust the bank because the ATM service is consistent.,positive
The staff were reliable and helped me quickly.,positive
I dislike the SMS notification because it wastes time.,negative
My deposit was completed without any problem.,positive
The digital payment platform is difficult to use and unreliable.,negative
I am not satisfied with the agent banking service.,negative
I like the online payment option because it saves time.,positive
I am not satisfied with the branch service.,negative
The account opening process was very smooth and simple.,positive
The service at the mobile app was poor.,negative
The digital payment platform is difficult to use and unreliable.,negative
My account balance request failed and caused a problem.,negative
The bank did not solve my card issue properly.,negative
The branch service was very slow and unclear.,negative
I trust the bank because the customer support service is consistent.,positive
I am not satisfied with the account opening process.,negative
"The agent banking service is fast, clear, and convenient.",positive
My money transfer failed and caused a problem.,negative
The online banking platform is easy to use and very reliable.,positive
"The fund transfer service is slow, confusing, and inconvenient.",negative
The bank did not solve my mobile banking problem properly.,negative
I trust the bank because the mobile banking service is consistent.,positive
My cash withdrawal failed and caused a problem.,negative
My account balance request was completed without any problem.,positive
I like the online payment option because it saves time.,positive
The customer portal is difficult to use and unreliable.,negative
The staff were rude and did not help me.,negative
"The digital payment service is fast, clear, and convenient.",positive
"The fund transfer service is fast, clear, and convenient.",positive
The agent banking service is convenient for rural customers.,positive
"The mobile app is good, but the SMS notification arrives late.",negative
The bank solved my account problem in a professional way.,positive
The bank solved my account problem in a professional way.,positive
The service at the agent banking location was poor.,negative
The bank solved my payment dispute in a professional way.,positive
I am not satisfied with the loan application process.,negative
My account balance request failed and caused a problem.,negative
I trust the bank because the card replacement service is consistent.,positive
I am very satisfied with the customer support service.,positive
I trust the bank because the ATM service is consistent.,positive
I like the queue management system because it saves time.,positive
The loan application process was very helpful and easy.,positive
I like the mobile app because it saves time.,positive
I am not satisfied with the ATM service.,negative
The digital payment service was very reliable and secure.,positive
I trust the bank because the SMS notification service is consistent.,positive
I am not satisfied with the ATM service.,negative
The banking app is confusing and crashes often.,negative
My card payment failed and caused a problem.,negative
The service at the agent banking location was poor.,negative
The customer support service was very reliable and easy.,positive
I like the SMS notification because it saves time.,positive
The bank solved my transaction complaint in a professional way.,positive
My account balance request was completed without any problem.,positive
I am very satisfied with the agent banking service.,positive
"The branch service is slow, confusing, and inconvenient.",negative
I like the call center support because it saves time.,positive
The staff were complicated and did not help me.,negative
The mobile app is easy to use and very reliable.,positive
I am not satisfied with the mobile banking service.,negative
I like the queue management system because it saves time.,positive
The customer support service was very confusing and disorganized.,negative
The agent banking service was very helpful and effective.,positive
The bank solved my account problem in a professional way.,positive
I dislike the online payment option because it wastes time.,negative
The internet banking service was very convenient and respectful.,positive
I dislike the queue management system because it wastes time.,negative
The online banking platform is difficult to use and unreliable.,negative
The internet banking service was very fast and easy.,positive
The loan application process was very unreliable and unresponsive.,negative
The account opening process was very slow and unresponsive.,negative
The bank solved my payment dispute in a professional way.,positive
The account opening process was very excellent and organized.,positive
The bank solved my payment dispute in a professional way.,positive
"The card replacement service is fast, clear, and convenient.",positive
The staff were delayed and did not help me.,negative
I trust the bank because the branch service is consistent.,positive
The banking app is confusing and crashes often.,negative
The mobile app is easy to use and very reliable.,positive
I like the online payment option because it saves time.,positive
The staff were slow and did not help me.,negative
The bank did not solve my loan request properly.,negative
I do not trust the bank because the agent banking service has many errors.,negative
The customer portal is easy to use and very reliable.,positive
The mobile banking service was very complicated and difficult.,negative
"The branch service is fast, clear, and convenient.",positive
The digital payment platform is easy to use and very reliable.,positive
I trust the bank because the fund transfer service is consistent.,positive
My account balance request was completed without any problem.,positive
My card payment failed and caused a problem.,negative
The service at the customer service desk was poor.,negative
"The SMS notification service is fast, clear, and convenient.",positive
The staff were reliable and helped me quickly.,positive
"The SMS notification service is slow, confusing, and inconvenient.",negative
I am not satisfied with the SMS notification service.,negative
I am not satisfied with the card replacement service.,negative
The staff were unreliable and did not help me.,negative
The service at the call center was excellent.,positive
The bank solved my payment dispute in a professional way.,positive
My deposit failed and caused a problem.,negative
The service at the mobile app was excellent.,positive
The bank did not solve my loan request properly.,negative
I trust the bank because the customer support service is consistent.,positive
I dislike the call center support because it wastes time.,negative
I am very satisfied with the internet banking service.,positive
The staff were clear and helped me quickly.,positive
The service at the customer service desk was excellent.,positive
The mobile banking service was very helpful and secure.,positive
The service at the branch was excellent.,positive
"The digital payment service is fast, clear, and convenient.",positive
"The loan application process is fast, clear, and convenient.",positive
The digital payment platform is difficult to use and unreliable.,negative
I trust the bank because the ATM service is consistent.,positive
The bank solved my transaction complaint in a professional way.,positive
The mobile app is easy to use and very reliable.,positive
The staff were friendly and helped me quickly.,positive
I am very satisfied with the digital payment service.,positive
The digital payment platform is easy to use and very reliable.,positive
I like the call center support because it saves time.,positive
I dislike the mobile app because it wastes time.,negative
My loan payment failed and caused a problem.,negative
The customer portal is difficult to use and unreliable.,negative
I am not satisfied with the fund transfer service.,negative
"The customer support service is slow, confusing, and inconvenient.",negative
The ATM system is difficult to use and unreliable.,negative
The online banking platform is easy to use and very reliable.,positive
I am not satisfied with the customer support service.,negative
I am not satisfied with the card replacement service.,negative
I dislike the call center support because it wastes time.,negative
The bank did not solve my card issue properly.,negative
The loan application process was very convenient and effective.,positive
The service at the ATM was excellent.,positive
I like the SMS notification because it saves time.,positive
The staff were professional and helped me quickly.,positive
"The customer support service is slow, confusing, and inconvenient.",negative
My money transfer was completed without any problem.,positive
The card replacement service was very fast and accurate.,positive
The bank solved my transaction complaint in a professional way.,positive
I am not satisfied with the internet banking service.,negative
The service at the branch was poor.,negative
The bank solved my account problem in a professional way.,positive
"The customer support service is fast, clear, and convenient.",positive
I like the SMS notification because it saves time.,positive
The bank solved my card issue in a professional way.,positive
The staff were unprofessional and did not help me.,negative
The digital payment platform is easy to use and very reliable.,positive
"The internet banking service is fast, clear, and convenient.",positive
The ATM failed twice and the support team was slow.,negative
The staff were excellent and helped me quickly.,positive
My bill payment failed and caused a problem.,negative
The bank solved my account problem in a professional way.,positive
The branch service was very excellent and respectful.,positive
The online banking platform is easy to use and very reliable.,positive
The mobile banking service was very inefficient and expensive.,negative
The loan application process was very clear and secure.,positive
I dislike the mobile app because it wastes time.,negative
The online transfer was successful and very fast.,positive
"The mobile banking service is fast, clear, and convenient.",positive
The staff were stressful and did not help me.,negative
The card replacement process took too long.,negative
The customer portal is difficult to use and unreliable.,negative
My deposit was completed without any problem.,positive
I dislike the agent banking option because it wastes time.,negative
The bank solved my transaction complaint in a professional way.,positive
My card payment was completed without any problem.,positive
The staff were friendly and helped me quickly.,positive
"The account opening process is fast, clear, and convenient.",positive
I trust the bank because the SMS notification service is consistent.,positive
The customer portal is difficult to use and unreliable.,negative
"The fund transfer service is slow, confusing, and inconvenient.",negative
The mobile banking service was very unprofessional and frustrating.,negative
The banking app is confusing and crashes often.,negative
I am very satisfied with the mobile banking service.,positive
The service at the call center was excellent.,positive
I trust the bank because the card replacement service is consistent.,positive
The digital payment platform is difficult to use and unreliable.,negative
"The branch service is fast, clear, and convenient.",positive
The staff were inefficient and did not help me.,negative
The bank solved my payment dispute in a professional way.,positive
The ATM system is easy to use and very reliable.,positive
I dislike the queue management system because it wastes time.,negative
I dislike the call center support because it wastes time.,negative
The banking system is easy to use and very reliable.,positive
I do not trust the bank because the account opening process has many errors.,negative
"The customer support service is fast, clear, and convenient.",positive
The ATM service was very fast and simple.,positive
My bill payment failed and caused a problem.,negative
"The account opening process is fast, clear, and convenient.",positive
The bank did not solve my mobile banking problem properly.,negative
The staff were excellent and helped me quickly.,positive
My loan payment was completed without any problem.,positive
My cash withdrawal failed and caused a problem.,negative
The bank did not solve my mobile banking problem properly.,negative
The mobile app is difficult to use and unreliable.,negative
"The ATM service is slow, confusing, and inconvenient.",negative
I dislike the SMS notification because it wastes time.,negative
I am not satisfied with the internet banking service.,negative
I dislike the call center support because it wastes time.,negative
The bank did not solve my card issue properly.,negative
The staff were friendly and helped me quickly.,positive
The digital payment platform is easy to use and very reliable.,positive
I do not trust the bank because the fund transfer service has many errors.,negative
The staff were confusing and did not help me.,negative
The staff were complicated and did not help me.,negative
The online banking platform is easy to use and very reliable.,positive
The bank did not solve my payment dispute properly.,negative
My card payment was completed without any problem.,positive
The agent banking service was very professional and respectful.,positive
The bank did not solve my payment dispute properly.,negative
The digital payment platform is easy to use and very reliable.,positive
I trust the bank because the internet banking service is consistent.,positive
The system deducted my balance but the payment failed.,negative
"The branch service is fast, clear, and convenient.",positive
The staff were complicated and did not help me.,negative
The staff were helpful and helped me quickly.,positive
The staff were complicated and did not help me.,negative
I like the SMS notification because it saves time.,positive
The bank solved my transaction complaint in a professional way.,positive
I trust the bank because the card replacement service is consistent.,positive
The service at the mobile app was poor.,negative
The bank did not solve my mobile banking problem properly.,negative
The online banking platform is easy to use and very reliable.,positive
The staff were smooth and helped me quickly.,positive
The staff were fast and helped me quickly.,positive
The bank solved my account problem in a professional way.,positive
I am not satisfied with the SMS notification service.,negative
The digital payment service was very slow and unresponsive.,negative
The agent banking service is convenient for rural customers.,positive
I like the SMS notification because it saves time.,positive
I dislike the SMS notification because it wastes time.,negative
I trust the bank because the branch service is consistent.,positive
"The card replacement service is fast, clear, and convenient.",positive
I dislike the queue management system because it wastes time.,negative
I like the SMS notification because it saves time.,positive
I dislike the online payment option because it wastes time.,negative
I am not satisfied with the fund transfer service.,negative
I am not satisfied with the digital payment service.,negative
The customer support service was very inefficient and inaccurate.,negative
I am very satisfied with the customer support service.,positive
I do not trust the bank because the account opening process has many errors.,negative
My deposit was completed without any problem.,positive
The ATM service was very clear and respectful.,positive
My deposit failed and caused a problem.,negative
I like the online payment option because it saves time.,positive
The staff were slow and did not help me.,negative
The bank did not solve my account problem properly.,negative
The bank solved my card issue in a professional way.,positive
"The card replacement service is slow, confusing, and inconvenient.",negative
I like the online payment option because it saves time.,positive
The banking system is easy to use and very reliable.,positive
I am not satisfied with the branch service.,negative
I am very satisfied with the internet banking service.,positive
The loan application process was very clear and secure.,positive
The mobile app is easy to use and very reliable.,positive
The customer portal is difficult to use and unreliable.,negative
"The branch was crowded, but the staff solved my problem professionally.",positive
The bank did not solve my payment dispute properly.,negative
My deposit was completed without any problem.,positive
The bank did not solve my card issue properly.,negative
The call center was helpful and answered my question quickly.,positive
"The digital payment service is slow, confusing, and inconvenient.",negative
I dislike the queue management system because it wastes time.,negative
My money transfer failed and caused a problem.,negative
The service at the call center was excellent.,positive
The staff were slow and did not help me.,negative
My card payment was completed without any problem.,positive
The digital payment service was very slow and unclear.,negative
"The account opening process is slow, confusing, and inconvenient.",negative
I dislike the agent banking option because it wastes time.,negative
I like the online payment option because it saves time.,positive
I am very satisfied with the customer support service.,positive
The ATM service was very professional and accurate.,positive
I am very satisfied with the mobile banking service.,positive
The staff were fast and helped me quickly.,positive
The service at the ATM was excellent.,positive
The staff were slow and did not help me.,negative
The ATM failed twice and the support team was slow.,negative
I am not satisfied with the branch service.,negative
My deposit was completed without any problem.,positive
I like the online payment option because it saves time.,positive
"The ATM service is slow, confusing, and inconvenient.",negative
The staff were slow and did not help me.,negative
The SMS notification service was very delayed and difficult.,negative
The service at the agent banking location was poor.,negative
I like the agent banking option because it saves time.,positive
The card replacement service was very rude and inaccurate.,negative
The banking system is difficult to use and unreliable.,negative
My bill payment was completed without any problem.,positive
I dislike the online payment option because it wastes time.,negative
The ATM system is easy to use and very reliable.,positive
The service at the ATM was excellent.,positive
My card payment failed and caused a problem.,negative
I like the SMS notification because it saves time.,positive
My deposit was completed without any problem.,positive
The internet banking service was very unreliable and difficult.,negative
The customer portal is easy to use and very reliable.,positive
The SMS notification service was very efficient and respectful.,positive
The ATM failed twice and the support team was slow.,negative
I do not trust the bank because the agent banking service has many errors.,negative
My card payment was completed without any problem.,positive
I like the online payment option because it saves time.,positive
The service at the customer service desk was poor.,negative
The staff were inefficient and did not help me.,negative
The staff were clear and helped me quickly.,positive
"The SMS notification service is slow, confusing, and inconvenient.",negative
I trust the bank because the mobile banking service is consistent.,positive
I am very satisfied with the card replacement service.,positive
The banking app is confusing and crashes often.,negative
"The card replacement service is fast, clear, and convenient.",positive
I trust the bank because the agent banking service is consistent.,positive
My bill payment failed and caused a problem.,negative
I dislike the online payment option because it wastes time.,negative
The ATM system is difficult to use and unreliable.,negative
I dislike the agent banking option because it wastes time.,negative
My bill payment was completed without any problem.,positive
The SMS notification service was very excellent and respectful.,positive
The service at the branch was poor.,negative
My card payment failed and caused a problem.,negative
I do not trust the bank because the branch service has many errors.,negative
The bank did not solve my transaction complaint properly.,negative
My loan payment failed and caused a problem.,negative
The staff were reliable and helped me quickly.,positive
I am very satisfied with the branch service.,positive
The digital payment platform is difficult to use and unreliable.,negative
The ATM service was very unreliable and expensive.,negative
"The SMS notification service is fast, clear, and convenient.",positive
"The account opening process is fast, clear, and convenient.",positive
I am very satisfied with the loan application process.,positive
I trust the bank because the SMS notification service is consistent.,positive
The loan officer explained everything clearly and respectfully.,positive
I am not satisfied with the fund transfer service.,negative
"The mobile banking service is slow, confusing, and inconvenient.",negative
My cash withdrawal failed and caused a problem.,negative
"The account opening process is fast, clear, and convenient.",positive
I am very satisfied with the internet banking service.,positive
"The fund transfer service is slow, confusing, and inconvenient.",negative
"The SMS notification service is fast, clear, and convenient.",positive
The card replacement service was very stressful and inaccurate.,negative
"The branch was crowded, but the staff solved my problem professionally.",positive
I am very satisfied with the card replacement service.,positive
My cash withdrawal failed and caused a problem.,negative
The service at the branch was excellent.,positive
The online banking platform is easy to use and very reliable.,positive
"The agent banking service is slow, confusing, and inconvenient.",negative
I am not satisfied with the branch service.,negative
The service at the call center was excellent.,positive
"The loan application process is slow, confusing, and inconvenient.",negative
I dislike the agent banking option because it wastes time.,negative
I like the call center support because it saves time.,positive
"The account opening process is fast, clear, and convenient.",positive
The ATM failed twice and the support team was slow.,negative
The account opening process was very reliable and secure.,positive
The mobile app is difficult to use and unreliable.,negative
The service at the ATM was poor.,negative
I trust the bank because the fund transfer service is consistent.,positive
The online banking platform is easy to use and very reliable.,positive
I am very satisfied with the customer support service.,positive
I am very satisfied with the mobile banking service.,positive
I do not trust the bank because the mobile banking service has many errors.,negative
I trust the bank because the SMS notification service is consistent.,positive
The SMS notification service was very unreliable and frustrating.,negative
I do not trust the bank because the branch service has many errors.,negative
My bill payment failed and caused a problem.,negative
The staff were slow and did not help me.,negative
The mobile banking service was very fast and effective.,positive
The service at the call center was poor.,negative
The card replacement service was very delayed and unclear.,negative
The staff were excellent and helped me quickly.,positive
I am not satisfied with the card replacement service.,negative
My card payment failed and caused a problem.,negative
The service at the customer service desk was excellent.,positive
The bank did not solve my loan request properly.,negative
The service at the branch was excellent.,positive
I do not trust the bank because the fund transfer service has many errors.,negative
I trust the bank because the account opening process is consistent.,positive
The bank solved my loan request in a professional way.,positive
"The account opening process is slow, confusing, and inconvenient.",negative
I do not trust the bank because the digital payment service has many errors.,negative
The banking system is difficult to use and unreliable.,negative
My bill payment was completed without any problem.,positive
The staff were convenient and helped me quickly.,positive
The account opening process was very reliable and accurate.,positive
I am not satisfied with the ATM service.,negative
"The fund transfer service is fast, clear, and convenient.",positive
The customer portal is easy to use and very reliable.,positive
I like the online payment option because it saves time.,positive
The staff were confusing and did not help me.,negative
I trust the bank because the loan application process is consistent.,positive
The digital payment platform is difficult to use and unreliable.,negative
I dislike the call center support because it wastes time.,negative
The customer portal is easy to use and very reliable.,positive
The card replacement service was very professional and responsive.,positive
My deposit failed and caused a problem.,negative
The online banking platform is difficult to use and unreliable.,negative
The customer support service was very complicated and weak.,negative
I am not satisfied with the SMS notification service.,negative
"The card replacement service is slow, confusing, and inconvenient.",negative
"The mobile banking service is slow, confusing, and inconvenient.",negative
The service at the mobile app was poor.,negative
The bank did not solve my transaction complaint properly.,negative
I am very satisfied with the card replacement service.,positive
My bill payment was completed without any problem.,positive
The service at the mobile app was poor.,negative
The digital payment service was very professional and effective.,positive
The service at the call center was excellent.,positive
The card replacement process took too long.,negative
The bank solved my payment dispute in a professional way.,positive
The service at the branch was poor.,negative
I do not trust the bank because the branch service has many errors.,negative
"The mobile banking service is fast, clear, and convenient.",positive
"The card replacement service is fast, clear, and convenient.",positive
The staff were efficient and helped me quickly.,positive
The ATM system is easy to use and very reliable.,positive
I do not trust the bank because the agent banking service has many errors.,negative
The digital payment service was very helpful and simple.,positive
The loan officer explained everything clearly and respectfully.,positive
I like the SMS notification because it saves time.,positive
My card payment was completed without any problem.,positive
The service at the call center was poor.,negative
The service at the mobile app was excellent.,positive
I am very satisfied with the internet banking service.,positive
The SMS notification service was very unreliable and weak.,negative
The ATM system is easy to use and very reliable.,positive
I dislike the SMS notification because it wastes time.,negative
I trust the bank because the card replacement service is consistent.,positive
I do not trust the bank because the digital payment service has many errors.,negative
The bank solved my mobile banking problem in a professional way.,positive
My deposit was completed without any problem.,positive
The bank did not solve my account problem properly.,negative
The bank solved my payment dispute in a professional way.,positive
The service at the customer service desk was excellent.,positive
"The SMS notification service is slow, confusing, and inconvenient.",negative
I am very satisfied with the fund transfer service.,positive
I trust the bank because the digital payment service is consistent.,positive
The online banking platform is difficult to use and unreliable.,negative
"The customer support service is fast, clear, and convenient.",positive
My account balance request was completed without any problem.,positive
I dislike the queue management system because it wastes time.,negative
"The internet banking service is fast, clear, and convenient.",positive
My loan payment was completed without any problem.,positive
I dislike the call center support because it wastes time.,negative
The branch service was very inefficient and difficult.,negative
My loan payment was completed without any problem.,positive
The system deducted my balance but the payment failed.,negative
The service at the ATM was excellent.,positive
I am not satisfied with the fund transfer service.,negative
"The SMS notification service is fast, clear, and convenient.",positive
"The digital payment service is fast, clear, and convenient.",positive
The bank did not solve my mobile banking problem properly.,negative
My money transfer failed and caused a problem.,negative
I am very satisfied with the loan application process.,positive
The loan application process was very delayed and unresponsive.,negative
I am not satisfied with the fund transfer service.,negative
I am not satisfied with the loan application process.,negative
The internet banking service was very complicated and weak.,negative
The digital payment platform is difficult to use and unreliable.,negative
My deposit was completed without any problem.,positive
The staff were unprofessional and did not help me.,negative
I am very satisfied with the internet banking service.,positive
I am very satisfied with the ATM service.,positive
I like the online payment option because it saves time.,positive
My account balance request was completed without any problem.,positive
The service at the mobile app was excellent.,positive
I like the online payment option because it saves time.,positive
The card replacement process took too long.,negative
The bank did not solve my transaction complaint properly.,negative
The customer portal is difficult to use and unreliable.,negative
I like the queue management system because it saves time.,positive
I am very satisfied with the fund transfer service.,positive
I am very satisfied with the agent banking service.,positive
The service at the mobile app was excellent.,positive
The account opening process was very reliable and organized.,positive
"The mobile banking service is fast, clear, and convenient.",positive
The bank solved my card issue in a professional way.,positive
My loan payment failed and caused a problem.,negative
I dislike the queue management system because it wastes time.,negative
My loan payment failed and caused a problem.,negative
The service at the call center was excellent.,positive
"The account opening process is slow, confusing, and inconvenient.",negative
The staff were inefficient and did not help me.,negative
The bank did not solve my mobile banking problem properly.,negative
The service at the call center was excellent.,positive
I do not trust the bank because the loan application process has many errors.,negative
The card replacement process took too long.,negative
"The mobile banking service is slow, confusing, and inconvenient.",negative
The banking app is confusing and crashes often.,negative
I trust the bank because the customer support service is consistent.,positive
I trust the bank because the account opening process is consistent.,positive
The service at the agent banking location was excellent.,positive
My bill payment was completed without any problem.,positive
The digital payment platform is difficult to use and unreliable.,negative
The digital payment service was very excellent and easy.,positive
I dislike the online payment option because it wastes time.,negative
The agent banking service is convenient for rural customers.,positive
The staff were complicated and did not help me.,negative
The service at the call center was excellent.,positive
I dislike the agent banking option because it wastes time.,negative
I am very satisfied with the card replacement service.,positive
The service at the call center was excellent.,positive
I am not satisfied with the loan application process.,negative
I am not satisfied with the mobile banking service.,negative
"The agent banking service is fast, clear, and convenient.",positive
My bill payment was completed without any problem.,positive
The staff were unprofessional and did not help me.,negative
The staff were efficient and helped me quickly.,positive
The service at the agent banking location was excellent.,positive
"The mobile banking service is fast, clear, and convenient.",positive
The bank did not solve my account problem properly.,negative
The ATM service was very professional and simple.,positive
The digital payment service was very clear and accurate.,positive
The service at the mobile app was excellent.,positive
I dislike the online payment option because it wastes time.,negative
I am not satisfied with the loan application process.,negative
The staff were slow and did not help me.,negative
My loan payment was completed without any problem.,positive
I dislike the mobile app because it wastes time.,negative
The bank solved my transaction complaint in a professional way.,positive
The staff were delayed and did not help me.,negative
The online transfer was successful and very fast.,positive
I like the agent banking option because it saves time.,positive
The bank did not solve my loan request properly.,negative
I like the SMS notification because it saves time.,positive
"The mobile banking service is slow, confusing, and inconvenient.",negative
The digital payment platform is easy to use and very reliable.,positive
"The card replacement service is slow, confusing, and inconvenient.",negative
The staff were inefficient and did not help me.,negative
The digital payment platform is easy to use and very reliable.,positive
The bank did not solve my transaction complaint properly.,negative
The bank did not solve my transaction complaint properly.,negative
The customer portal is difficult to use and unreliable.,negative
The staff were confusing and did not help me.,negative
"The loan application process is fast, clear, and convenient.",positive
The fund transfer service was very professional and respectful.,positive
The bank did not solve my payment dispute properly.,negative
The bank did not solve my transaction complaint properly.,negative
The ATM failed twice and the support team was slow.,negative
I trust the bank because the digital payment service is consistent.,positive
I trust the bank because the digital payment service is consistent.,positive
My deposit was completed without any problem.,positive
The fund transfer service was very poor and weak.,negative
My deposit was completed without any problem.,positive
The staff were smooth and helped me quickly.,positive
My bill payment failed and caused a problem.,negative
The online banking platform is easy to use and very reliable.,positive
The bank solved my mobile banking problem in a professional way.,positive
The staff were excellent and helped me quickly.,positive
I am not satisfied with the customer support service.,negative
I am very satisfied with the mobile banking service.,positive
The ATM system is easy to use and very reliable.,positive
The account opening process was very stressful and difficult.,negative
I trust the bank because the SMS notification service is consistent.,positive
I am not satisfied with the customer support service.,negative
The staff were inefficient and did not help me.,negative
I trust the bank because the card replacement service is consistent.,positive
The staff were smooth and helped me quickly.,positive
"The SMS notification service is slow, confusing, and inconvenient.",negative
I trust the bank because the loan application process is consistent.,positive
The account opening process was very efficient and organized.,positive
The online banking platform is difficult to use and unreliable.,negative
My account balance request failed and caused a problem.,negative
The bank solved my card issue in a professional way.,positive
I am very satisfied with the mobile banking service.,positive
I trust the bank because the mobile banking service is consistent.,positive
The service at the branch was excellent.,positive
My deposit was completed without any problem.,positive
I am very satisfied with the card replacement service.,positive
The digital payment platform is easy to use and very reliable.,positive
I trust the bank because the loan application process is consistent.,positive
"The agent banking service is slow, confusing, and inconvenient.",negative
The service at the mobile app was poor.,negative
The staff were efficient and helped me quickly.,positive
The loan application process was very fast and accurate.,positive
The staff were clear and helped me quickly.,positive
The bank did not solve my account problem properly.,negative
The fund transfer service was very helpful and simple.,positive
I dislike the queue management system because it wastes time.,negative
"The ATM service is fast, clear, and convenient.",positive
The service at the customer service desk was excellent.,positive
The call center was helpful and answered my question quickly.,positive
The staff were delayed and did not help me.,negative
I do not trust the bank because the fund transfer service has many errors.,negative
I am not satisfied with the fund transfer service.,negative
The bank solved my loan request in a professional way.,positive
"The internet banking service is slow, confusing, and inconvenient.",negative
The digital payment platform is easy to use and very reliable.,positive
The bank did not solve my account problem properly.,negative
"The agent banking service is fast, clear, and convenient.",positive
The ATM failed twice and the support team was slow.,negative
The banking system is easy to use and very reliable.,positive
The bank did not solve my payment dispute properly.,negative
I trust the bank because the card replacement service is consistent.,positive
I do not trust the bank because the SMS notification service has many errors.,negative
I like the online payment option because it saves time.,positive
The bank did not solve my card issue properly.,negative
The account opening process was very friendly and organized.,positive
I trust the bank because the fund transfer service is consistent.,positive
I am very satisfied with the internet banking service.,positive
The bank did not solve my loan request properly.,negative
The online banking platform is difficult to use and unreliable.,negative
I do not trust the bank because the digital payment service has many errors.,negative
The banking system is difficult to use and unreliable.,negative
The staff were complicated and did not help me.,negative
The digital payment platform is difficult to use and unreliable.,negative
I like the online payment option because it saves time.,positive
I am very satisfied with the branch service.,positive
I like the online payment option because it saves time.,positive
"The fund transfer service is fast, clear, and convenient.",positive
I dislike the mobile app because it wastes time.,negative
The staff were smooth and helped me quickly.,positive
I trust the bank because the branch service is consistent.,positive
The bank did not solve my mobile banking problem properly.,negative
The staff were helpful and helped me quickly.,positive
I am not satisfied with the card replacement service.,negative
The bank solved my payment dispute in a professional way.,positive
The service at the mobile app was poor.,negative
The agent banking service was very convenient and simple.,positive
The bank solved my mobile banking problem in a professional way.,positive
The online banking platform is easy to use and very reliable.,positive
The staff were convenient and helped me quickly.,positive
I trust the bank because the loan application process is consistent.,positive
I like the SMS notification because it saves time.,positive
I am very satisfied with the SMS notification service.,positive
The service at the call center was excellent.,positive
The service at the agent banking location was poor.,negative
The card replacement service was very unreliable and inaccurate.,negative
My card payment was completed without any problem.,positive
"The card replacement service is slow, confusing, and inconvenient.",negative
"The branch service is slow, confusing, and inconvenient.",negative
"The internet banking service is fast, clear, and convenient.",positive
"The branch service is slow, confusing, and inconvenient.",negative
I am not satisfied with the fund transfer service.,negative
I trust the bank because the customer support service is consistent.,positive
My deposit was completed without any problem.,positive
"The loan application process is slow, confusing, and inconvenient.",negative
The bank did not solve my payment dispute properly.,negative
I am very satisfied with the agent banking service.,positive
The SMS notification service was very inefficient and unclear.,negative
I am not satisfied with the mobile banking service.,negative
The bank did not solve my card issue properly.,negative
The call center was helpful and answered my question quickly.,positive
I dislike the SMS notification because it wastes time.,negative
The staff were stressful and did not help me.,negative
The bank did not solve my mobile banking problem properly.,negative
I am not satisfied with the digital payment service.,negative
My card payment failed and caused a problem.,negative
The bank did not solve my transaction complaint properly.,negative
The agent banking service is convenient for rural customers.,positive
My account balance request failed and caused a problem.,negative
"The fund transfer service is fast, clear, and convenient.",positive
I am not satisfied with the agent banking service.,negative
The branch service was very inefficient and weak.,negative
I do not trust the bank because the fund transfer service has many errors.,negative
The staff were poor and did not help me.,negative
"The mobile banking service is fast, clear, and convenient.",positive
My account balance request was completed without any problem.,positive
I am not satisfied with the branch service.,negative
The staff were efficient and helped me quickly.,positive
The digital payment platform is easy to use and very reliable.,positive
The service at the customer service desk was excellent.,positive
The internet banking service was very confusing and unclear.,negative
The customer support service was very smooth and easy.,positive
I like the online payment option because it saves time.,positive
I am not satisfied with the branch service.,negative
My loan payment failed and caused a problem.,negative
I trust the bank because the card replacement service is consistent.,positive
"The agent banking service is fast, clear, and convenient.",positive
I trust the bank because the fund transfer service is consistent.,positive
I dislike the call center support because it wastes time.,negative
The online banking platform is easy to use and very reliable.,positive
I dislike the online payment option because it wastes time.,negative
The staff were complicated and did not help me.,negative
The staff were slow and did not help me.,negative
The service at the branch was poor.,negative
"The agent banking service is fast, clear, and convenient.",positive
The service at the agent banking location was poor.,negative
The staff were helpful and helped me quickly.,positive
"The customer support service is slow, confusing, and inconvenient.",negative
The system deducted my balance but the payment failed.,negative
I am very satisfied with the card replacement service.,positive
The staff were slow and did not help me.,negative
I like the SMS notification because it saves time.,positive
"The customer support service is slow, confusing, and inconvenient.",negative
"The ATM service is fast, clear, and convenient.",positive
The service at the branch was poor.,negative
I do not trust the bank because the digital payment service has many errors.,negative
The staff were professional and helped me quickly.,positive
The card replacement service was very smooth and secure.,positive
The customer support service was very confusing and weak.,negative
My card payment failed and caused a problem.,negative
I like the online payment option because it saves time.,positive
I dislike the call center support because it wastes time.,negative
"The ATM service is slow, confusing, and inconvenient.",negative
"The mobile banking service is slow, confusing, and inconvenient.",negative
The service at the mobile app was poor.,negative
The service at the call center was poor.,negative
The bank solved my mobile banking problem in a professional way.,positive
The online banking platform is easy to use and very reliable.,positive
I am not satisfied with the customer support service.,negative
"The SMS notification service is slow, confusing, and inconvenient.",negative
My deposit failed and caused a problem.,negative
The banking system is difficult to use and unreliable.,negative
The bank did not solve my payment dispute properly.,negative
The loan officer explained everything clearly and respectfully.,positive
My deposit failed and caused a problem.,negative
"The SMS notification service is fast, clear, and convenient.",positive
The agent banking service was very convenient and respectful.,positive
The service at the mobile app was excellent.,positive
"The internet banking service is slow, confusing, and inconvenient.",negative
I like the online payment option because it saves time.,positive
"The digital payment service is slow, confusing, and inconvenient.",negative
I trust the bank because the agent banking service is consistent.,positive
The internet banking service was very smooth and secure.,positive
The bank did not solve my payment dispute properly.,negative
The bank did not solve my payment dispute properly.,negative
I do not trust the bank because the account opening process has many errors.,negative
The service at the agent banking location was excellent.,positive
"The digital payment service is fast, clear, and convenient.",positive
The staff were unprofessional and did not help me.,negative
I do not trust the bank because the ATM service has many errors.,negative
The service at the branch was excellent.,positive
The banking system is difficult to use and unreliable.,negative
"The mobile app is good, but the SMS notification arrives late.",negative
The service at the branch was excellent.,positive
"The fund transfer service is slow, confusing, and inconvenient.",negative
I do not trust the bank because the SMS notification service has many errors.,negative
My cash withdrawal failed and caused a problem.,negative
I trust the bank because the internet banking service is consistent.,positive
I dislike the online payment option because it wastes time.,negative
My deposit was completed without any problem.,positive
I trust the bank because the card replacement service is consistent.,positive
My bill payment was completed without any problem.,positive
The bank solved my payment dispute in a professional way.,positive
The customer portal is difficult to use and unreliable.,negative
The service at the branch was excellent.,positive
The online banking platform is easy to use and very reliable.,positive
The bank solved my card issue in a professional way.,positive
My card payment failed and caused a problem.,negative
The service at the ATM was excellent.,positive
I do not trust the bank because the card replacement service has many errors.,negative
The staff were unreliable and did not help me.,negative
I like the online payment option because it saves time.,positive
I like the mobile app because it saves time.,positive
The bank solved my loan request in a professional way.,positive
"The mobile banking service is fast, clear, and convenient.",positive
The call center was helpful and answered my question quickly.,positive
I am very satisfied with the internet banking service.,positive
My loan payment failed and caused a problem.,negative
I am very satisfied with the customer support service.,positive
The staff were clear and helped me quickly.,positive
The bank did not solve my card issue properly.,negative
The service at the mobile app was poor.,negative
I dislike the call center support because it wastes time.,negative
The ATM system is difficult to use and unreliable.,negative
The banking system is easy to use and very reliable.,positive
The mobile app is difficult to use and unreliable.,negative
The agent banking service is convenient for rural customers.,positive
I do not trust the bank because the branch service has many errors.,negative
I dislike the queue management system because it wastes time.,negative
The fund transfer service was very helpful and easy.,positive
The staff were unreliable and did not help me.,negative
The bank did not solve my mobile banking problem properly.,negative
I am very satisfied with the mobile banking service.,positive
I like the agent banking option because it saves time.,positive
The service at the branch was excellent.,positive
I am not satisfied with the digital payment service.,negative
"The SMS notification service is fast, clear, and convenient.",positive
The customer support service was very unreliable and unclear.,negative
I dislike the online payment option because it wastes time.,negative
The staff were unreliable and did not help me.,negative
The ATM failed twice and the support team was slow.,negative
I am very satisfied with the SMS notification service.,positive
The staff were excellent and helped me quickly.,positive
I am very satisfied with the internet banking service.,positive
The account opening process was very unreliable and inaccurate.,negative
The bank did not solve my card issue properly.,negative
The loan officer explained everything clearly and respectfully.,positive
The service at the customer service desk was poor.,negative
"The account opening process is fast, clear, and convenient.",positive
The bank solved my mobile banking problem in a professional way.,positive
I am very satisfied with the customer support service.,positive
I dislike the online payment option because it wastes time.,negative
"The mobile app is good, but the SMS notification arrives late.",negative
I am very satisfied with the SMS notification service.,positive
The service at the agent banking location was excellent.,positive
The bank solved my payment dispute in a professional way.,positive
My card payment failed and caused a problem.,negative
The customer portal is difficult to use and unreliable.,negative
The call center was helpful and answered my question quickly.,positive
The online banking platform is difficult to use and unreliable.,negative
I trust the bank because the card replacement service is consistent.,positive
"The branch was crowded, but the staff solved my problem professionally.",positive
The banking system is difficult to use and unreliable.,negative
The card replacement service was very convenient and organized.,positive
The service at the mobile app was excellent.,positive
I trust the bank because the customer support service is consistent.,positive
I dislike the agent banking option because it wastes time.,negative
I do not trust the bank because the internet banking service has many errors.,negative
I am not satisfied with the card replacement service.,negative
I do not trust the bank because the ATM service has many errors.,negative
The service at the mobile app was poor.,negative
"The card replacement service is fast, clear, and convenient.",positive
I trust the bank because the branch service is consistent.,positive
"The mobile banking service is fast, clear, and convenient.",positive
The fund transfer service was very slow and weak.,negative
The mobile app is difficult to use and unreliable.,negative
I like the agent banking option because it saves time.,positive
"The SMS notification service is slow, confusing, and inconvenient.",negative
The staff were confusing and did not help me.,negative
The service at the customer service desk was poor.,negative
I dislike the call center support because it wastes time.,negative
I am not satisfied with the ATM service.,negative
The ATM service was very rude and expensive.,negative
My card payment was completed without any problem.,positive
I am very satisfied with the internet banking service.,positive
The staff were complicated and did not help me.,negative
The staff were excellent and helped me quickly.,positive
The service at the call center was poor.,negative
The branch service was very friendly and simple.,positive
I trust the bank because the loan application process is consistent.,positive
"The fund transfer service is slow, confusing, and inconvenient.",negative
The agent banking service is convenient for rural customers.,positive
I am not satisfied with the loan application process.,negative
My money transfer was completed without any problem.,positive
The service at the mobile app was poor.,negative
I am not satisfied with the account opening process.,negative
My deposit failed and caused a problem.,negative
"The mobile app is good, but the SMS notification arrives late.",negative
My card payment failed and caused a problem.,negative
The service at the ATM was excellent.,positive
The banking system is difficult to use and unreliable.,negative
The staff were poor and did not help me.,negative
The staff were reliable and helped me quickly.,positive
The online banking platform is difficult to use and unreliable.,negative
The system deducted my balance but the payment failed.,negative
The branch service was very fast and organized.,positive
I am very satisfied with the mobile banking service.,positive
I do not trust the bank because the SMS notification service has many errors.,negative
I am very satisfied with the internet banking service.,positive
I dislike the queue management system because it wastes time.,negative
The call center was helpful and answered my question quickly.,positive
The ATM service was very inefficient and inaccurate.,negative
The loan application process was very friendly and respectful.,positive
The service at the agent banking location was poor.,negative
The staff were professional and helped me quickly.,positive
My account balance request failed and caused a problem.,negative
"The digital payment service is slow, confusing, and inconvenient.",negative
I am very satisfied with the mobile banking service.,positive
"The mobile banking service is slow, confusing, and inconvenient.",negative
The staff were reliable and helped me quickly.,positive
"The loan application process is slow, confusing, and inconvenient.",negative
"The fund transfer service is slow, confusing, and inconvenient.",negative
I am not satisfied with the agent banking service.,negative
The service at the branch was poor.,negative
My account balance request failed and caused a problem.,negative
I am not satisfied with the loan application process.,negative
The staff were helpful and helped me quickly.,positive
I am not satisfied with the customer support service.,negative
I am very satisfied with the loan application process.,positive
The ATM system is difficult to use and unreliable.,negative
The bank solved my payment dispute in a professional way.,positive
"The fund transfer service is fast, clear, and convenient.",positive
The bank did not solve my loan request properly.,negative
The service at the ATM was excellent.,positive
The mobile app is difficult to use and unreliable.,negative
I do not trust the bank because the ATM service has many errors.,negative
I trust the bank because the digital payment service is consistent.,positive
The online banking platform is easy to use and very reliable.,positive
The digital payment service was very reliable and organized.,positive
"The digital payment service is slow, confusing, and inconvenient.",negative
The bank solved my loan request in a professional way.,positive
The ATM system is easy to use and very reliable.,positive
I am very satisfied with the account opening process.,positive
The banking system is difficult to use and unreliable.,negative
The staff were reliable and helped me quickly.,positive
The system deducted my balance but the payment failed.,negative
The banking system is difficult to use and unreliable.,negative
The service at the branch was poor.,negative
The service at the ATM was poor.,negative
My deposit was completed without any problem.,positive
The mobile app is difficult to use and unreliable.,negative
The banking system is difficult to use and unreliable.,negative
I do not trust the bank because the mobile banking service has many errors.,negative
I do not trust the bank because the card replacement service has many errors.,negative
I do not trust the bank because the card replacement service has many errors.,negative
I am very satisfied with the mobile banking service.,positive
My money transfer was completed without any problem.,positive
The ATM service was very reliable and respectful.,positive
"The loan application process is slow, confusing, and inconvenient.",negative
The online banking platform is easy to use and very reliable.,positive
The ATM system is easy to use and very reliable.,positive
The online banking platform is easy to use and very reliable.,positive
The mobile banking service was very fast and effective.,positive
"The branch was crowded, but the staff solved my problem professionally.",positive
I do not trust the bank because the branch service has many errors.,negative
"The card replacement service is fast, clear, and convenient.",positive
The staff were unprofessional and did not help me.,negative
The staff were excellent and helped me quickly.,positive
"The internet banking service is slow, confusing, and inconvenient.",negative
The staff were clear and helped me quickly.,positive
I do not trust the bank because the card replacement service has many errors.,negative
The branch service was very convenient and simple.,positive
The internet banking service was very delayed and disorganized.,negative
I like the SMS notification because it saves time.,positive
The service at the mobile app was poor.,negative
"The agent banking service is slow, confusing, and inconvenient.",negative
The bank did not solve my payment dispute properly.,negative
The loan officer explained everything clearly and respectfully.,positive
My bill payment was completed without any problem.,positive
The ATM service was very inefficient and expensive.,negative
"The agent banking service is fast, clear, and convenient.",positive
"The ATM service is fast, clear, and convenient.",positive
I like the SMS notification because it saves time.,positive
I am very satisfied with the branch service.,positive
The staff were clear and helped me quickly.,positive
"The digital payment service is fast, clear, and convenient.",positive
I am very satisfied with the loan application process.,positive
I am very satisfied with the loan application process.,positive
The service at the call center was poor.,negative
"The mobile banking service is fast, clear, and convenient.",positive
The staff were unprofessional and did not help me.,negative
I am very satisfied with the branch service.,positive
The fund transfer service was very professional and organized.,positive
My money transfer failed and caused a problem.,negative
"The branch was crowded, but the staff solved my problem professionally.",positive
I am not satisfied with the SMS notification service.,negative
My account balance request was completed without any problem.,positive
The staff were complicated and did not help me.,negative
The bank did not solve my mobile banking problem properly.,negative
"The mobile banking service is fast, clear, and convenient.",positive
The staff were inefficient and did not help me.,negative
My cash withdrawal was completed without any problem.,positive
The service at the ATM was excellent.,positive
My bill payment was completed without any problem.,positive
My bill payment failed and caused a problem.,negative
The ATM system is difficult to use and unreliable.,negative
My card payment was completed without any problem.,positive
The service at the mobile app was poor.,negative
The agent banking service is convenient for rural customers.,positive
The service at the customer service desk was excellent.,positive
The bank solved my mobile banking problem in a professional way.,positive
The mobile app is difficult to use and unreliable.,negative
The service at the agent banking location was excellent.,positive
The staff were inefficient and did not help me.,negative
I dislike the call center support because it wastes time.,negative
I dislike the agent banking option because it wastes time.,negative
The online transfer was successful and very fast.,positive
The online transfer was successful and very fast.,positive
I do not trust the bank because the mobile banking service has many errors.,negative
The online banking platform is difficult to use and unreliable.,negative
I trust the bank because the SMS notification service is consistent.,positive
The digital payment platform is difficult to use and unreliable.,negative
The internet banking service was very smooth and simple.,positive
The bank solved my loan request in a professional way.,positive
"The SMS notification service is fast, clear, and convenient.",positive
I am not satisfied with the fund transfer service.,negative
The loan officer explained everything clearly and respectfully.,positive
The staff were confusing and did not help me.,negative
I trust the bank because the card replacement service is consistent.,positive
The bank did not solve my loan request properly.,negative
I dislike the agent banking option because it wastes time.,negative
The staff were fast and helped me quickly.,positive
I am not satisfied with the customer support service.,negative
The staff were clear and helped me quickly.,positive
The banking system is easy to use and very reliable.,positive
I am very satisfied with the internet banking service.,positive
I am not satisfied with the fund transfer service.,negative
"The SMS notification service is slow, confusing, and inconvenient.",negative
I like the queue management system because it saves time.,positive
I am very satisfied with the agent banking service.,positive
"The branch was crowded, but the staff solved my problem professionally.",positive
The service at the branch was poor.,negative
The bank solved my payment dispute in a professional way.,positive
The system deducted my balance but the payment failed.,negative
"The mobile app is good, but the SMS notification arrives late.",negative
The customer portal is difficult to use and unreliable.,negative
I am not satisfied with the agent banking service.,negative
The staff were inefficient and did not help me.,negative
"The fund transfer service is fast, clear, and convenient.",positive
My loan payment failed and caused a problem.,negative
My money transfer failed and caused a problem.,negative
"The internet banking service is fast, clear, and convenient.",positive
I am not satisfied with the digital payment service.,negative
The SMS notification service was very stressful and disorganized.,negative
The fund transfer service was very complicated and weak.,negative
The bank did not solve my account problem properly.,negative
The banking system is easy to use and very reliable.,positive
The staff were rude and did not help me.,negative
I trust the bank because the mobile banking service is consistent.,positive
The staff were reliable and helped me quickly.,positive
The bank solved my payment dispute in a professional way.,positive
I trust the bank because the loan application process is consistent.,positive
The staff were confusing and did not help me.,negative
I trust the bank because the SMS notification service is consistent.,positive
The digital payment platform is easy to use and very reliable.,positive
The digital payment service was very poor and unresponsive.,negative
I am not satisfied with the card replacement service.,negative
The staff were excellent and helped me quickly.,positive
I am very satisfied with the account opening process.,positive
My card payment was completed without any problem.,positive
I am not satisfied with the agent banking service.,negative
I am very satisfied with the SMS notification service.,positive
The banking system is easy to use and very reliable.,positive
I am not satisfied with the branch service.,negative
My cash withdrawal failed and caused a problem.,negative
I like the agent banking option because it saves time.,positive
The staff were efficient and helped me quickly.,positive
The online transfer was successful and very fast.,positive
The bank solved my card issue in a professional way.,positive
The ATM system is difficult to use and unreliable.,negative
The ATM failed twice and the support team was slow.,negative
The fund transfer service was very inefficient and inaccurate.,negative
I am very satisfied with the customer support service.,positive
I am very satisfied with the SMS notification service.,positive
The ATM service was very slow and frustrating.,negative
"The account opening process is fast, clear, and convenient.",positive
"The card replacement service is slow, confusing, and inconvenient.",negative
The digital payment platform is easy to use and very reliable.,positive
The bank did not solve my payment dispute properly.,negative
The bank did not solve my account problem properly.,negative
"The branch service is slow, confusing, and inconvenient.",negative
I like the agent banking option because it saves time.,positive
I like the SMS notification because it saves time.,positive
The digital payment platform is difficult to use and unreliable.,negative
I trust the bank because the customer support service is consistent.,positive
I do not trust the bank because the digital payment service has many errors.,negative
The ATM system is difficult to use and unreliable.,negative
The service at the ATM was poor.,negative
The staff were clear and helped me quickly.,positive
I do not trust the bank because the SMS notification service has many errors.,negative
I like the agent banking option because it saves time.,positive
I like the online payment option because it saves time.,positive
The loan application process was very helpful and easy.,positive
"The digital payment service is fast, clear, and convenient.",positive
The staff were excellent and helped me quickly.,positive
I do not trust the bank because the internet banking service has many errors.,negative
The bank solved my account problem in a professional way.,positive
I like the online payment option because it saves time.,positive
I do not trust the bank because the SMS notification service has many errors.,negative
The service at the call center was excellent.,positive
My card payment failed and caused a problem.,negative
I am very satisfied with the internet banking service.,positive
The service at the call center was excellent.,positive
The service at the customer service desk was excellent.,positive
The online banking platform is easy to use and very reliable.,positive
I dislike the queue management system because it wastes time.,negative
The agent banking service is convenient for rural customers.,positive
I do not trust the bank because the loan application process has many errors.,negative
I do not trust the bank because the loan application process has many errors.,negative
The staff were poor and did not help me.,negative
The agent banking service is convenient for rural customers.,positive
The service at the agent banking location was poor.,negative
The bank solved my payment dispute in a professional way.,positive
The banking app is confusing and crashes often.,negative
I am not satisfied with the branch service.,negative
"The account opening process is slow, confusing, and inconvenient.",negative
The staff were friendly and helped me quickly.,positive
The staff were reliable and helped me quickly.,positive
I am very satisfied with the digital payment service.,positive
The account opening process was very stressful and unclear.,negative
"The agent banking service is fast, clear, and convenient.",positive
The loan officer explained everything clearly and respectfully.,positive
The internet banking service was very slow and difficult.,negative
The online transfer was successful and very fast.,positive
I am not satisfied with the ATM service.,negative
The card replacement service was very stressful and inaccurate.,negative
I do not trust the bank because the mobile banking service has many errors.,negative
The ATM service was very inefficient and unclear.,negative
My account balance request was completed without any problem.,positive
I am not satisfied with the account opening process.,negative
The ATM system is easy to use and very reliable.,positive
The staff were clear and helped me quickly.,positive
My bill payment was completed without any problem.,positive
My bill payment was completed without any problem.,positive
The bank did not solve my card issue properly.,negative
The account opening process was very friendly and secure.,positive
The staff were reliable and helped me quickly.,positive
I like the queue management system because it saves time.,positive
"The card replacement service is fast, clear, and convenient.",positive
The bank did not solve my mobile banking problem properly.,negative
I do not trust the bank because the card replacement service has many errors.,negative
I trust the bank because the branch service is consistent.,positive
The ATM failed twice and the support team was slow.,negative
The service at the agent banking location was poor.,negative
"The SMS notification service is slow, confusing, and inconvenient.",negative
"The digital payment service is slow, confusing, and inconvenient.",negative
The staff were slow and did not help me.,negative
The ATM system is easy to use and very reliable.,positive
I am very satisfied with the card replacement service.,positive
I am very satisfied with the SMS notification service.,positive
The SMS notification service was very professional and responsive.,positive
The digital payment service was very confusing and difficult.,negative
The staff were fast and helped me quickly.,positive
The mobile app is difficult to use and unreliable.,negative
The staff were convenient and helped me quickly.,positive
The banking system is difficult to use and unreliable.,negative
The bank solved my loan request in a professional way.,positive
I do not trust the bank because the account opening process has many errors.,negative
The online banking platform is easy to use and very reliable.,positive
The online banking platform is easy to use and very reliable.,positive
The service at the customer service desk was poor.,negative
The bank did not solve my account problem properly.,negative
"The branch service is slow, confusing, and inconvenient.",negative
The digital payment platform is difficult to use and unreliable.,negative
I like the agent banking option because it saves time.,positive
I like the online payment option because it saves time.,positive
My card payment failed and caused a problem.,negative
The bank solved my card issue in a professional way.,positive
The card replacement process took too long.,negative
The service at the ATM was excellent.,positive
I trust the bank because the mobile banking service is consistent.,positive
The ATM service was very slow and inaccurate.,negative
The service at the customer service desk was poor.,negative
My account balance request failed and caused a problem.,negative
I dislike the mobile app because it wastes time.,negative
I do not trust the bank because the mobile banking service has many errors.,negative
I trust the bank because the SMS notification service is consistent.,positive
The staff were fast and helped me quickly.,positive
The staff were friendly and helped me quickly.,positive
The banking system is easy to use and very reliable.,positive
I like the queue management system because it saves time.,positive
The bank solved my card issue in a professional way.,positive
The account opening process was very complicated and difficult.,negative
The staff were efficient and helped me quickly.,positive
The staff were helpful and helped me quickly.,positive
I like the SMS notification because it saves time.,positive
The bank did not solve my payment dispute properly.,negative
"The branch service is fast, clear, and convenient.",positive
The service at the customer service desk was excellent.,positive
My loan payment was completed without any problem.,positive
The customer portal is difficult to use and unreliable.,negative
The bank did not solve my card issue properly.,negative
My account balance request was completed without any problem.,positive
"The agent banking service is fast, clear, and convenient.",positive
I am very satisfied with the loan application process.,positive
The ATM failed twice and the support team was slow.,negative
The online banking platform is difficult to use and unreliable.,negative
The staff were complicated and did not help me.,negative
My cash withdrawal failed and caused a problem.,negative
My bill payment was completed without any problem.,positive
The branch service was very unreliable and difficult.,negative
I do not trust the bank because the SMS notification service has many errors.,negative
The ATM failed twice and the support team was slow.,negative
The staff were clear and helped me quickly.,positive
I am very satisfied with the internet banking service.,positive
The staff were efficient and helped me quickly.,positive
I am not satisfied with the SMS notification service.,negative
I like the queue management system because it saves time.,positive
The service at the ATM was poor.,negative
The bank solved my payment dispute in a professional way.,positive
The card replacement process took too long.,negative
I am not satisfied with the digital payment service.,negative
The staff were unreliable and did not help me.,negative
"The fund transfer service is slow, confusing, and inconvenient.",negative
I trust the bank because the digital payment service is consistent.,positive
The service at the customer service desk was excellent.,positive
"The mobile banking service is fast, clear, and convenient.",positive
The staff were friendly and helped me quickly.,positive
My card payment failed and caused a problem.,negative
The service at the ATM was poor.,negative
The mobile app is easy to use and very reliable.,positive
The bank did not solve my payment dispute properly.,negative
The mobile app is difficult to use and unreliable.,negative
I am not satisfied with the ATM service.,negative
"The agent banking service is fast, clear, and convenient.",positive
"The mobile banking service is slow, confusing, and inconvenient.",negative
The service at the call center was excellent.,positive
I like the queue management system because it saves time.,positive
I do not trust the bank because the mobile banking service has many errors.,negative
"The branch service is fast, clear, and convenient.",positive
I am very satisfied with the mobile banking service.,positive
The staff were helpful and helped me quickly.,positive
My account balance request was completed without any problem.,positive
The bank did not solve my account problem properly.,negative
My card payment was completed without any problem.,positive
The service at the mobile app was poor.,negative
"The branch was crowded, but the staff solved my problem professionally.",positive
"The digital payment service is slow, confusing, and inconvenient.",negative
"The mobile banking service is slow, confusing, and inconvenient.",negative
The service at the mobile app was excellent.,positive
I am very satisfied with the card replacement service.,positive
The fund transfer service was very reliable and easy.,positive
"The card replacement service is fast, clear, and convenient.",positive
My account balance request was completed without any problem.,positive
I am not satisfied with the SMS notification service.,negative
The service at the branch was excellent.,positive
The ATM failed twice and the support team was slow.,negative
The customer portal is easy to use and very reliable.,positive
The staff were professional and helped me quickly.,positive
I like the agent banking option because it saves time.,positive
My deposit failed and caused a problem.,negative
I dislike the SMS notification because it wastes time.,negative
The service at the mobile app was poor.,negative
The staff were inefficient and did not help me.,negative
The staff were inefficient and did not help me.,negative
The staff were excellent and helped me quickly.,positive
I dislike the mobile app because it wastes time.,negative
The staff were excellent and helped me quickly.,positive
The customer portal is difficult to use and unreliable.,negative
The staff were complicated and did not help me.,negative
The SMS notification service was very convenient and simple.,positive
"The SMS notification service is slow, confusing, and inconvenient.",negative
I like the call center support because it saves time.,positive
My money transfer failed and caused a problem.,negative
The ATM system is easy to use and very reliable.,positive
I am very satisfied with the SMS notification service.,positive
I like the mobile app because it saves time.,positive
I am very satisfied with the branch service.,positive
"The SMS notification service is slow, confusing, and inconvenient.",negative
I dislike the mobile app because it wastes time.,negative
I like the agent banking option because it saves time.,positive
"The card replacement service is fast, clear, and convenient.",positive
The bank did not solve my loan request properly.,negative
I like the call center support because it saves time.,positive
The service at the customer service desk was excellent.,positive
The bank did not solve my transaction complaint properly.,negative
The customer support service was very rude and expensive.,negative
The service at the customer service desk was excellent.,positive
The staff were convenient and helped me quickly.,positive
The service at the branch was poor.,negative
I dislike the queue management system because it wastes time.,negative
The bank did not solve my transaction complaint properly.,negative
The customer support service was very convenient and easy.,positive
The bank solved my card issue in a professional way.,positive
The staff were delayed and did not help me.,negative
The bank solved my payment dispute in a professional way.,positive
The service at the customer service desk was excellent.,positive
The service at the ATM was excellent.,positive
The bank did not solve my loan request properly.,negative
"The card replacement service is slow, confusing, and inconvenient.",negative
I am very satisfied with the ATM service.,positive
The service at the branch was poor.,negative
I am not satisfied with the account opening process.,negative
The service at the customer service desk was poor.,negative
I dislike the mobile app because it wastes time.,negative
The service at the mobile app was poor.,negative
The mobile app is easy to use and very reliable.,positive
My bill payment was completed without any problem.,positive
I am very satisfied with the digital payment service.,positive
The service at the branch was poor.,negative
"The ATM service is fast, clear, and convenient.",positive
I trust the bank because the SMS notification service is consistent.,positive
"The mobile app is good, but the SMS notification arrives late.",negative
The bank did not solve my loan request properly.,negative
The bank did not solve my account problem properly.,negative
I like the SMS notification because it saves time.,positive
The banking system is difficult to use and unreliable.,negative
I am not satisfied with the internet banking service.,negative
I trust the bank because the loan application process is consistent.,positive
I am not satisfied with the SMS notification service.,negative
I like the queue management system because it saves time.,positive
The digital payment platform is difficult to use and unreliable.,negative
The agent banking service was very slow and unclear.,negative
The ATM system is easy to use and very reliable.,positive
The staff were stressful and did not help me.,negative
My bill payment failed and caused a problem.,negative
I am very satisfied with the card replacement service.,positive
I am very satisfied with the mobile banking service.,positive
I do not trust the bank because the loan application process has many errors.,negative
I like the call center support because it saves time.,positive
The digital payment service was very excellent and accurate.,positive
The service at the customer service desk was excellent.,positive
"The fund transfer service is fast, clear, and convenient.",positive
The service at the ATM was poor.,negative
The service at the call center was poor.,negative
I dislike the queue management system because it wastes time.,negative
I do not trust the bank because the internet banking service has many errors.,negative
I dislike the online payment option because it wastes time.,negative
"The branch was crowded, but the staff solved my problem professionally.",positive
The mobile banking service was very excellent and effective.,positive
The banking system is easy to use and very reliable.,positive
The service at the call center was poor.,negative
I am not satisfied with the fund transfer service.,negative
I am very satisfied with the account opening process.,positive
The customer portal is difficult to use and unreliable.,negative
The service at the mobile app was excellent.,positive
The ATM system is difficult to use and unreliable.,negative
The staff were complicated and did not help me.,negative
I like the mobile app because it saves time.,positive
The staff were clear and helped me quickly.,positive
The service at the customer service desk was poor.,negative
I am not satisfied with the customer support service.,negative
The service at the customer service desk was poor.,negative
I do not trust the bank because the loan application process has many errors.,negative
The bank solved my transaction complaint in a professional way.,positive
I dislike the online payment option because it wastes time.,negative
My loan payment was completed without any problem.,positive
The customer support service was very rude and unclear.,negative
I do not trust the bank because the mobile banking service has many errors.,negative
The bank did not solve my payment dispute properly.,negative
I trust the bank because the loan application process is consistent.,positive
I like the online payment option because it saves time.,positive
The bank did not solve my payment dispute properly.,negative
The bank solved my mobile banking problem in a professional way.,positive
I like the call center support because it saves time.,positive
The bank solved my payment dispute in a professional way.,positive
The staff were slow and did not help me.,negative
I trust the bank because the card replacement service is consistent.,positive
The bank solved my card issue in a professional way.,positive
"The SMS notification service is slow, confusing, and inconvenient.",negative
I am very satisfied with the ATM service.,positive
The online banking platform is easy to use and very reliable.,positive
The staff were clear and helped me quickly.,positive
The bank solved my account problem in a professional way.,positive
The staff were inefficient and did not help me.,negative
I am very satisfied with the loan application process.,positive
"The branch was crowded, but the staff solved my problem professionally.",positive
The digital payment platform is easy to use and very reliable.,positive
I do not trust the bank because the ATM service has many errors.,negative
The banking app is confusing and crashes often.,negative
The banking system is easy to use and very reliable.,positive
I am not satisfied with the ATM service.,negative
The loan application process was very complicated and disorganized.,negative
The staff were friendly and helped me quickly.,positive
I dislike the mobile app because it wastes time.,negative
"The mobile app is good, but the SMS notification arrives late.",negative
I like the SMS notification because it saves time.,positive
I do not trust the bank because the internet banking service has many errors.,negative
The internet banking service was very friendly and responsive.,positive
I am very satisfied with the loan application process.,positive
The staff were professional and helped me quickly.,positive
I trust the bank because the fund transfer service is consistent.,positive
The mobile banking service was very delayed and frustrating.,negative
The mobile banking service was very stressful and difficult.,negative
The staff were inefficient and did not help me.,negative
The ATM service was very unprofessional and expensive.,negative
I dislike the online payment option because it wastes time.,negative
The customer portal is easy to use and very reliable.,positive
My card payment was completed without any problem.,positive
I do not trust the bank because the loan application process has many errors.,negative
The service at the agent banking location was excellent.,positive
"The loan application process is fast, clear, and convenient.",positive
I am very satisfied with the fund transfer service.,positive
I dislike the call center support because it wastes time.,negative
The mobile app is difficult to use and unreliable.,negative
The staff were convenient and helped me quickly.,positive
"The digital payment service is fast, clear, and convenient.",positive
My account balance request was completed without any problem.,positive
I am not satisfied with the branch service.,negative
The ATM system is difficult to use and unreliable.,negative
The bank solved my loan request in a professional way.,positive
The bank did not solve my mobile banking problem properly.,negative
I do not trust the bank because the SMS notification service has many errors.,negative
The staff were unprofessional and did not help me.,negative
The mobile banking service was very helpful and effective.,positive
The bank solved my account problem in a professional way.,positive
I am very satisfied with the mobile banking service.,positive
I like the mobile app because it saves time.,positive
I trust the bank because the account opening process is consistent.,positive
The staff were inefficient and did not help me.,negative
The service at the mobile app was poor.,negative
I dislike the agent banking option because it wastes time.,negative
The mobile banking service was very unreliable and unclear.,negative
The bank solved my card issue in a professional way.,positive
The bank did not solve my payment dispute properly.,negative
"The agent banking service is slow, confusing, and inconvenient.",negative
The service at the agent banking location was excellent.,positive
I am very satisfied with the ATM service.,positive
"The loan application process is slow, confusing, and inconvenient.",negative
My card payment was completed without any problem.,positive
The ATM system is difficult to use and unreliable.,negative
The customer support service was very friendly and simple.,positive
"The account opening process is slow, confusing, and inconvenient.",negative
I trust the bank because the internet banking service is consistent.,positive
The staff were excellent and helped me quickly.,positive
I dislike the queue management system because it wastes time.,negative
I dislike the online payment option because it wastes time.,negative
My bill payment failed and caused a problem.,negative
My card payment failed and caused a problem.,negative
The customer portal is easy to use and very reliable.,positive
The staff were confusing and did not help me.,negative
"The mobile app is good, but the SMS notification arrives late.",negative
The system deducted my balance but the payment failed.,negative
I do not trust the bank because the fund transfer service has many errors.,negative
"The loan application process is fast, clear, and convenient.",positive
The card replacement process took too long.,negative
My card payment was completed without any problem.,positive
I dislike the call center support because it wastes time.,negative
The digital payment platform is easy to use and very reliable.,positive
The staff were excellent and helped me quickly.,positive
I do not trust the bank because the internet banking service has many errors.,negative
I am very satisfied with the account opening process.,positive
The loan officer explained everything clearly and respectfully.,positive
The bank solved my card issue in a professional way.,positive
I trust the bank because the ATM service is consistent.,positive
The bank solved my transaction complaint in a professional way.,positive
The loan application process was very fast and responsive.,positive
The bank did not solve my transaction complaint properly.,negative
The service at the call center was poor.,negative
The branch service was very inefficient and weak.,negative
I am not satisfied with the mobile banking service.,negative
"The agent banking service is fast, clear, and convenient.",positive
The digital payment service was very professional and respectful.,positive
The bank did not solve my card issue properly.,negative
I do not trust the bank because the customer support service has many errors.,negative
The staff were poor and did not help me.,negative
I am very satisfied with the card replacement service.,positive
The staff were professional and helped me quickly.,positive
My cash withdrawal was completed without any problem.,positive
The bank did not solve my account problem properly.,negative
The bank solved my loan request in a professional way.,positive
The service at the call center was excellent.,positive
I like the SMS notification because it saves time.,positive
I like the call center support because it saves time.,positive
"The agent banking service is slow, confusing, and inconvenient.",negative
The customer portal is difficult to use and unreliable.,negative
My account balance request failed and caused a problem.,negative
The card replacement service was very convenient and easy.,positive
The bank did not solve my loan request properly.,negative
I dislike the queue management system because it wastes time.,negative
The service at the customer service desk was poor.,negative
My money transfer was completed without any problem.,positive
I do not trust the bank because the SMS notification service has many errors.,negative
I like the mobile app because it saves time.,positive
"The internet banking service is slow, confusing, and inconvenient.",negative
The bank did not solve my payment dispute properly.,negative
The loan application process was very unreliable and inaccurate.,negative
The staff were inefficient and did not help me.,negative
I like the queue management system because it saves time.,positive
The ATM system is easy to use and very reliable.,positive
I am very satisfied with the card replacement service.,positive
The call center was helpful and answered my question quickly.,positive
The SMS notification service was very friendly and organized.,positive
The service at the ATM was excellent.,positive
The service at the agent banking location was poor.,negative
My card payment failed and caused a problem.,negative
I am very satisfied with the digital payment service.,positive
I do not trust the bank because the account opening process has many errors.,negative
The bank did not solve my card issue properly.,negative
I do not trust the bank because the mobile banking service has many errors.,negative
The staff were helpful and helped me quickly.,positive
The account opening process was very professional and accurate.,positive
The customer portal is easy to use and very reliable.,positive
The online banking platform is difficult to use and unreliable.,negative
The bank solved my transaction complaint in a professional way.,positive
I dislike the call center support because it wastes time.,negative
I am very satisfied with the agent banking service.,positive
"The digital payment service is fast, clear, and convenient.",positive
"The SMS notification service is fast, clear, and convenient.",positive
I trust the bank because the SMS notification service is consistent.,positive
My card payment was completed without any problem.,positive
"The digital payment service is slow, confusing, and inconvenient.",negative
The online banking platform is difficult to use and unreliable.,negative
The customer portal is difficult to use and unreliable.,negative
"The digital payment service is slow, confusing, and inconvenient.",negative
My card payment failed and caused a problem.,negative
The staff were inefficient and did not help me.,negative
The online banking platform is difficult to use and unreliable.,negative
I dislike the SMS notification because it wastes time.,negative
The online transfer was successful and very fast.,positive
The bank solved my card issue in a professional way.,positive
My card payment failed and caused a problem.,negative
The staff were friendly and helped me quickly.,positive
I do not trust the bank because the card replacement service has many errors.,negative
The ATM system is easy to use and very reliable.,positive
I do not trust the bank because the ATM service has many errors.,negative
The staff were excellent and helped me quickly.,positive
The service at the branch was excellent.,positive
I like the agent banking option because it saves time.,positive
"The loan application process is slow, confusing, and inconvenient.",negative
"The card replacement service is fast, clear, and convenient.",positive
I am not satisfied with the branch service.,negative
My bill payment was completed without any problem.,positive
I do not trust the bank because the branch service has many errors.,negative
The bank solved my mobile banking problem in a professional way.,positive
The staff were professional and helped me quickly.,positive
The service at the ATM was poor.,negative
I dislike the queue management system because it wastes time.,negative
The agent banking service is convenient for rural customers.,positive
The mobile banking service was very stressful and frustrating.,negative
The staff were fast and helped me quickly.,positive
The bank did not solve my payment dispute properly.,negative
The bank solved my transaction complaint in a professional way.,positive
The service at the customer service desk was poor.,negative
I like the SMS notification because it saves time.,positive
I am very satisfied with the account opening process.,positive
The online transfer was successful and very fast.,positive
The mobile banking service was very friendly and accurate.,positive
The banking app is confusing and crashes often.,negative
"The account opening process is slow, confusing, and inconvenient.",negative
The service at the ATM was excellent.,positive
The staff were reliable and helped me quickly.,positive
My bill payment failed and caused a problem.,negative
I do not trust the bank because the branch service has many errors.,negative
The staff were complicated and did not help me.,negative
I trust the bank because the digital payment service is consistent.,positive
The digital payment platform is difficult to use and unreliable.,negative
The fund transfer service was very stressful and inaccurate.,negative
The staff were unreliable and did not help me.,negative
My money transfer was completed without any problem.,positive
The account opening process was very reliable and responsive.,positive
The staff were smooth and helped me quickly.,positive
The call center was helpful and answered my question quickly.,positive
I am very satisfied with the agent banking service.,positive
My loan payment was completed without any problem.,positive
The bank solved my transaction complaint in a professional way.,positive
The bank did not solve my account problem properly.,negative
My deposit was completed without any problem.,positive
"The card replacement service is fast, clear, and convenient.",positive
My deposit failed and caused a problem.,negative
"The branch service is slow, confusing, and inconvenient.",negative
The bank did not solve my transaction complaint properly.,negative
I am not satisfied with the mobile banking service.,negative
The banking app is confusing and crashes often.,negative
I trust the bank because the agent banking service is consistent.,positive
The bank did not solve my account problem properly.,negative
The service at the agent banking location was poor.,negative
The bank did not solve my payment dispute properly.,negative
The fund transfer service was very delayed and expensive.,negative
I do not trust the bank because the SMS notification service has many errors.,negative
The online banking platform is easy to use and very reliable.,positive
The ATM failed twice and the support team was slow.,negative
The system deducted my balance but the payment failed.,negative
"The account opening process is slow, confusing, and inconvenient.",negative
The staff were helpful and helped me quickly.,positive
The digital payment platform is difficult to use and unreliable.,negative
"The account opening process is slow, confusing, and inconvenient.",negative
"The account opening process is slow, confusing, and inconvenient.",negative
I do not trust the bank because the mobile banking service has many errors.,negative
My bill payment was completed without any problem.,positive
The bank did not solve my payment dispute properly.,negative
The staff were delayed and did not help me.,negative
"The agent banking service is slow, confusing, and inconvenient.",negative
I dislike the agent banking option because it wastes time.,negative
The mobile banking service was very friendly and effective.,positive
The bank did not solve my account problem properly.,negative
The digital payment platform is easy to use and very reliable.,positive
My card payment was completed without any problem.,positive
The branch service was very stressful and difficult.,negative
I am not satisfied with the card replacement service.,negative
I dislike the call center support because it wastes time.,negative
I do not trust the bank because the SMS notification service has many errors.,negative
The mobile app is difficult to use and unreliable.,negative
The staff were complicated and did not help me.,negative
I am not satisfied with the fund transfer service.,negative
I dislike the queue management system because it wastes time.,negative
The online transfer was successful and very fast.,positive
I do not trust the bank because the ATM service has many errors.,negative
"The branch was crowded, but the staff solved my problem professionally.",positive
"The ATM service is slow, confusing, and inconvenient.",negative
My loan payment failed and caused a problem.,negative
The mobile banking service was very clear and effective.,positive
The bank did not solve my transaction complaint properly.,negative
My bill payment failed and caused a problem.,negative
I dislike the call center support because it wastes time.,negative
My cash withdrawal failed and caused a problem.,negative
My bill payment was completed without any problem.,positive
My money transfer failed and caused a problem.,negative
I like the mobile app because it saves time.,positive
The bank solved my payment dispute in a professional way.,positive
The staff were rude and did not help me.,negative
My account balance request failed and caused a problem.,negative
I am very satisfied with the customer support service.,positive
I do not trust the bank because the card replacement service has many errors.,negative
I am not satisfied with the customer support service.,negative
"The mobile banking service is fast, clear, and convenient.",positive
The customer portal is difficult to use and unreliable.,negative
I am very satisfied with the fund transfer service.,positive
I am not satisfied with the mobile banking service.,negative
The bank did not solve my mobile banking problem properly.,negative
I do not trust the bank because the internet banking service has many errors.,negative
The staff were professional and helped me quickly.,positive
The service at the agent banking location was excellent.,positive
The staff were convenient and helped me quickly.,positive
The bank solved my loan request in a professional way.,positive
The service at the mobile app was poor.,negative
I do not trust the bank because the internet banking service has many errors.,negative
I am very satisfied with the digital payment service.,positive
The staff were excellent and helped me quickly.,positive
I do not trust the bank because the loan application process has many errors.,negative
"The customer support service is slow, confusing, and inconvenient.",negative
The loan officer explained everything clearly and respectfully.,positive
I trust the bank because the digital payment service is consistent.,positive
The bank solved my transaction complaint in a professional way.,positive
I trust the bank because the ATM service is consistent.,positive
The service at the ATM was poor.,negative
The internet banking service was very rude and frustrating.,negative
The banking app is confusing and crashes often.,negative
I am not satisfied with the branch service.,negative
My loan payment was completed without any problem.,positive
My cash withdrawal was completed without any problem.,positive
The service at the call center was excellent.,positive
"The account opening process is slow, confusing, and inconvenient.",negative
I like the call center support because it saves time.,positive
"The loan application process is slow, confusing, and inconvenient.",negative
"The SMS notification service is fast, clear, and convenient.",positive
The bank solved my card issue in a professional way.,positive
My deposit failed and caused a problem.,negative
The bank solved my card issue in a professional way.,positive
I like the mobile app because it saves time.,positive
The SMS notification service was very convenient and effective.,positive
The internet banking service was very helpful and secure.,positive
I dislike the SMS notification because it wastes time.,negative
The internet banking service was very poor and difficult.,negative
I trust the bank because the digital payment service is consistent.,positive
The service at the ATM was poor.,negative
I am not satisfied with the SMS notification service.,negative
The staff were helpful and helped me quickly.,positive
The bank did not solve my mobile banking problem properly.,negative
"The mobile app is good, but the SMS notification arrives late.",negative
The bank solved my mobile banking problem in a professional way.,positive
"The SMS notification service is slow, confusing, and inconvenient.",negative
The loan application process was very unprofessional and difficult.,negative
The online banking platform is difficult to use and unreliable.,negative
My account balance request failed and caused a problem.,negative
I am not satisfied with the agent banking service.,negative
The bank did not solve my payment dispute properly.,negative
The system deducted my balance but the payment failed.,negative
The system deducted my balance but the payment failed.,negative
The card replacement process took too long.,negative
I am not satisfied with the loan application process.,negative
I like the call center support because it saves time.,positive
The online banking platform is difficult to use and unreliable.,negative
The digital payment platform is difficult to use and unreliable.,negative
The service at the customer service desk was poor.,negative
The branch service was very delayed and unclear.,negative
The service at the branch was excellent.,positive
The service at the agent banking location was poor.,negative
The online banking platform is difficult to use and unreliable.,negative
I am very satisfied with the fund transfer service.,positive
The bank did not solve my card issue properly.,negative
I dislike the online payment option because it wastes time.,negative
"The agent banking service is slow, confusing, and inconvenient.",negative
"The branch service is slow, confusing, and inconvenient.",negative
I trust the bank because the loan application process is consistent.,positive
The service at the call center was excellent.,positive
The service at the agent banking location was poor.,negative
I dislike the agent banking option because it wastes time.,negative
The staff were clear and helped me quickly.,positive
I like the queue management system because it saves time.,positive
I dislike the online payment option because it wastes time.,negative
I do not trust the bank because the loan application process has many errors.,negative
My card payment failed and caused a problem.,negative
I am very satisfied with the account opening process.,positive
The digital payment service was very fast and accurate.,positive
I like the online payment option because it saves time.,positive
I am very satisfied with the mobile banking service.,positive
The mobile app is difficult to use and unreliable.,negative
The staff were fast and helped me quickly.,positive
"The fund transfer service is fast, clear, and convenient.",positive
My cash withdrawal failed and caused a problem.,negative
My money transfer was completed without any problem.,positive
I trust the bank because the digital payment service is consistent.,positive
The service at the agent banking location was excellent.,positive
"The agent banking service is fast, clear, and convenient.",positive
The mobile app is difficult to use and unreliable.,negative
I trust the bank because the SMS notification service is consistent.,positive
The staff were unprofessional and did not help me.,negative
The customer support service was very professional and secure.,positive
I am not satisfied with the account opening process.,negative
The staff were smooth and helped me quickly.,positive
My cash withdrawal failed and caused a problem.,negative
The digital payment platform is easy to use and very reliable.,positive
The staff were clear and helped me quickly.,positive
"The ATM service is slow, confusing, and inconvenient.",negative
I am not satisfied with the digital payment service.,negative
I dislike the agent banking option because it wastes time.,negative
The card replacement process took too long.,negative
The online transfer was successful and very fast.,positive
The service at the branch was poor.,negative
The digital payment platform is easy to use and very reliable.,positive
My loan payment failed and caused a problem.,negative
The staff were excellent and helped me quickly.,positive
I like the queue management system because it saves time.,positive
The customer portal is difficult to use and unreliable.,negative
I like the SMS notification because it saves time.,positive
The staff were friendly and helped me quickly.,positive
The digital payment platform is difficult to use and unreliable.,negative
The bank did not solve my transaction complaint properly.,negative
My account balance request was completed without any problem.,positive
The digital payment platform is difficult to use and unreliable.,negative
The SMS notification service was very convenient and accurate.,positive
The bank did not solve my loan request properly.,negative
The internet banking service was very stressful and expensive.,negative
The service at the branch was excellent.,positive
The staff were reliable and helped me quickly.,positive
The call center was helpful and answered my question quickly.,positive
The bank did not solve my mobile banking problem properly.,negative
My bill payment failed and caused a problem.,negative
The staff were delayed and did not help me.,negative
The agent banking service was very smooth and effective.,positive
"The digital payment service is fast, clear, and convenient.",positive
The service at the mobile app was poor.,negative
The staff were excellent and helped me quickly.,positive
The bank did not solve my account problem properly.,negative
I am not satisfied with the SMS notification service.,negative
"The branch was crowded, but the staff solved my problem professionally.",positive
My cash withdrawal failed and caused a problem.,negative
The service at the customer service desk was poor.,negative
"The card replacement service is fast, clear, and convenient.",positive
My bill payment was completed without any problem.,positive
The agent banking service was very fast and responsive.,positive
The service at the mobile app was poor.,negative
The account opening process was very helpful and respectful.,positive
My deposit failed and caused a problem.,negative
My cash withdrawal failed and caused a problem.,negative
I trust the bank because the digital payment service is consistent.,positive
"The branch was crowded, but the staff solved my problem professionally.",positive
"The mobile banking service is slow, confusing, and inconvenient.",negative
"The SMS notification service is slow, confusing, and inconvenient.",negative
The staff were confusing and did not help me.,negative
The service at the ATM was excellent.,positive
"The agent banking service is fast, clear, and convenient.",positive
My account balance request was completed without any problem.,positive
My loan payment failed and caused a problem.,negative
My money transfer failed and caused a problem.,negative
The online transfer was successful and very fast.,positive
I do not trust the bank because the account opening process has many errors.,negative
The bank solved my payment dispute in a professional way.,positive
"The digital payment service is fast, clear, and convenient.",positive
I like the queue management system because it saves time.,positive
The staff were helpful and helped me quickly.,positive
"The account opening process is slow, confusing, and inconvenient.",negative
The customer portal is easy to use and very reliable.,positive
The staff were clear and helped me quickly.,positive
The service at the customer service desk was poor.,negative
The SMS notification service was very unreliable and disorganized.,negative
The bank solved my mobile banking problem in a professional way.,positive
I like the online payment option because it saves time.,positive
I dislike the online payment option because it wastes time.,negative
The service at the mobile app was excellent.,positive
The customer portal is easy to use and very reliable.,positive
The SMS notification service was very smooth and simple.,positive
"The agent banking service is fast, clear, and convenient.",positive
My deposit failed and caused a problem.,negative
The mobile banking service was very unprofessional and disorganized.,negative
The staff were friendly and helped me quickly.,positive
"The ATM service is slow, confusing, and inconvenient.",negative
The service at the branch was poor.,negative
My money transfer failed and caused a problem.,negative
I am very satisfied with the loan application process.,positive
The ATM service was very clear and organized.,positive
My money transfer failed and caused a problem.,negative
I am not satisfied with the branch service.,negative
I do not trust the bank because the ATM service has many errors.,negative
The ATM system is easy to use and very reliable.,positive
"The mobile app is good, but the SMS notification arrives late.",negative
The bank solved my transaction complaint in a professional way.,positive
The ATM failed twice and the support team was slow.,negative
The staff were professional and helped me quickly.,positive
The service at the customer service desk was poor.,negative
The service at the mobile app was excellent.,positive
The SMS notification service was very delayed and disorganized.,negative
The digital payment platform is difficult to use and unreliable.,negative
I am not satisfied with the customer support service.,negative
"The branch service is fast, clear, and convenient.",positive
I like the call center support because it saves time.,positive
The agent banking service is convenient for rural customers.,positive
I trust the bank because the card replacement service is consistent.,positive
The staff were smooth and helped me quickly.,positive
The card replacement service was very unreliable and difficult.,negative
"The SMS notification service is fast, clear, and convenient.",positive
The staff were inefficient and did not help me.,negative
I am not satisfied with the account opening process.,negative
The staff were unreliable and did not help me.,negative
I am very satisfied with the card replacement service.,positive
The service at the call center was excellent.,positive
The ATM service was very rude and inaccurate.,negative
The customer portal is difficult to use and unreliable.,negative
The mobile app is difficult to use and unreliable.,negative
I am not satisfied with the loan application process.,negative
The card replacement process took too long.,negative
The service at the branch was poor.,negative
I am very satisfied with the ATM service.,positive
My account balance request failed and caused a problem.,negative
The staff were fast and helped me quickly.,positive
The account opening process was very convenient and effective.,positive
The staff were poor and did not help me.,negative
"The internet banking service is slow, confusing, and inconvenient.",negative
The digital payment platform is difficult to use and unreliable.,negative
The digital payment platform is easy to use and very reliable.,positive
The bank solved my loan request in a professional way.,positive
The staff were stressful and did not help me.,negative
I dislike the call center support because it wastes time.,negative
My money transfer was completed without any problem.,positive
My deposit was completed without any problem.,positive
My bill payment failed and caused a problem.,negative
The mobile banking service was very confusing and expensive.,negative
The service at the customer service desk was excellent.,positive
I do not trust the bank because the customer support service has many errors.,negative
The SMS notification service was very delayed and unclear.,negative
The bank did not solve my mobile banking problem properly.,negative
The service at the call center was excellent.,positive
The staff were rude and did not help me.,negative
The banking system is difficult to use and unreliable.,negative
The customer portal is difficult to use and unreliable.,negative
I do not trust the bank because the account opening process has many errors.,negative
I like the mobile app because it saves time.,positive
The online banking platform is difficult to use and unreliable.,negative
"The branch service is slow, confusing, and inconvenient.",negative
The ATM system is easy to use and very reliable.,positive
The bank did not solve my mobile banking problem properly.,negative
I like the online payment option because it saves time.,positive
The digital payment platform is difficult to use and unreliable.,negative
The ATM service was very smooth and accurate.,positive
The staff were smooth and helped me quickly.,positive
"The customer support service is slow, confusing, and inconvenient.",negative
The card replacement process took too long.,negative
I am very satisfied with the branch service.,positive
The ATM system is difficult to use and unreliable.,negative
The service at the agent banking location was poor.,negative
The service at the customer service desk was excellent.,positive
I am very satisfied with the ATM service.,positive
The service at the branch was poor.,negative
The staff were professional and helped me quickly.,positive
The fund transfer service was very inefficient and expensive.,negative
"The account opening process is slow, confusing, and inconvenient.",negative
I like the SMS notification because it saves time.,positive
"The branch service is fast, clear, and convenient.",positive
I am very satisfied with the loan application process.,positive
The customer portal is easy to use and very reliable.,positive
"The digital payment service is slow, confusing, and inconvenient.",negative
"The digital payment service is fast, clear, and convenient.",positive
My loan payment was completed without any problem.,positive
The bank did not solve my loan request properly.,negative
The bank did not solve my mobile banking problem properly.,negative
The digital payment platform is difficult to use and unreliable.,negative
The online transfer was successful and very fast.,positive
I trust the bank because the agent banking service is consistent.,positive
The service at the agent banking location was poor.,negative
The branch service was very complicated and unclear.,negative
The agent banking service is convenient for rural customers.,positive
I trust the bank because the ATM service is consistent.,positive
"The ATM service is slow, confusing, and inconvenient.",negative
The service at the customer service desk was excellent.,positive
My account balance request was completed without any problem.,positive
The banking app is confusing and crashes often.,negative
The customer portal is difficult to use and unreliable.,negative
The staff were smooth and helped me quickly.,positive
The service at the customer service desk was poor.,negative
I trust the bank because the mobile banking service is consistent.,positive
The SMS notification service was very slow and unclear.,negative
The staff were fast and helped me quickly.,positive
The loan officer explained everything clearly and respectfully.,positive
The staff were confusing and did not help me.,negative
The staff were friendly and helped me quickly.,positive
The staff were fast and helped me quickly.,positive
The bank solved my loan request in a professional way.,positive
The digital payment service was very convenient and organized.,positive
The staff were smooth and helped me quickly.,positive
I like the mobile app because it saves time.,positive
"The loan application process is slow, confusing, and inconvenient.",negative
The customer portal is difficult to use and unreliable.,negative
I do not trust the bank because the card replacement service has many errors.,negative
I dislike the SMS notification because it wastes time.,negative
I trust the bank because the fund transfer service is consistent.,positive
The staff were stressful and did not help me.,negative
The staff were smooth and helped me quickly.,positive
"The fund transfer service is fast, clear, and convenient.",positive
The online banking platform is easy to use and very reliable.,positive
I am very satisfied with the SMS notification service.,positive
The call center was helpful and answered my question quickly.,positive
I like the online payment option because it saves time.,positive
The banking system is difficult to use and unreliable.,negative
The bank solved my mobile banking problem in a professional way.,positive
The service at the ATM was excellent.,positive
"The branch service is slow, confusing, and inconvenient.",negative
The bank did not solve my mobile banking problem properly.,negative
The mobile app is difficult to use and unreliable.,negative
I dislike the call center support because it wastes time.,negative
The internet banking service was very professional and responsive.,positive
"The customer support service is slow, confusing, and inconvenient.",negative
My deposit failed and caused a problem.,negative
"The agent banking service is slow, confusing, and inconvenient.",negative
I am not satisfied with the loan application process.,negative
The online transfer was successful and very fast.,positive
The online banking platform is easy to use and very reliable.,positive
The bank did not solve my loan request properly.,negative
The branch service was very rude and frustrating.,negative
The online transfer was successful and very fast.,positive
The banking app is confusing and crashes often.,negative
The digital payment service was very inefficient and expensive.,negative
I am very satisfied with the account opening process.,positive
My bill payment failed and caused a problem.,negative
The online transfer was successful and very fast.,positive
My bill payment was completed without any problem.,positive
The service at the branch was poor.,negative
The bank solved my loan request in a professional way.,positive
The service at the agent banking location was excellent.,positive
The card replacement service was very professional and effective.,positive
"The branch was crowded, but the staff solved my problem professionally.",positive
"The branch was crowded, but the staff solved my problem professionally.",positive
The call center was helpful and answered my question quickly.,positive
The bank did not solve my transaction complaint properly.,negative
My card payment failed and caused a problem.,negative
I am very satisfied with the digital payment service.,positive
I do not trust the bank because the digital payment service has many errors.,negative
I like the mobile app because it saves time.,positive
The bank solved my account problem in a professional way.,positive
The system deducted my balance but the payment failed.,negative
My deposit was completed without any problem.,positive
"The loan application process is fast, clear, and convenient.",positive
My bill payment failed and caused a problem.,negative
I like the online payment option because it saves time.,positive
My money transfer failed and caused a problem.,negative
I like the SMS notification because it saves time.,positive
My card payment was completed without any problem.,positive
The service at the branch was poor.,negative
The service at the call center was poor.,negative
"The account opening process is slow, confusing, and inconvenient.",negative
My card payment failed and caused a problem.,negative
"The mobile app is good, but the SMS notification arrives late.",negative
The loan officer explained everything clearly and respectfully.,positive
I trust the bank because the customer support service is consistent.,positive
The mobile app is difficult to use and unreliable.,negative
The bank did not solve my account problem properly.,negative
I am very satisfied with the account opening process.,positive
The ATM service was very unprofessional and weak.,negative
I am very satisfied with the fund transfer service.,positive
"The card replacement service is fast, clear, and convenient.",positive
"The SMS notification service is fast, clear, and convenient.",positive
The service at the mobile app was excellent.,positive
I dislike the mobile app because it wastes time.,negative
The staff were reliable and helped me quickly.,positive
"The mobile app is good, but the SMS notification arrives late.",negative
I am very satisfied with the ATM service.,positive
The service at the ATM was excellent.,positive
The bank did not solve my payment dispute properly.,negative
The card replacement service was very smooth and easy.,positive
"The account opening process is slow, confusing, and inconvenient.",negative
The banking system is difficult to use and unreliable.,negative
The digital payment service was very fast and accurate.,positive
The bank solved my transaction complaint in a professional way.,positive
The customer portal is easy to use and very reliable.,positive
I like the SMS notification because it saves time.,positive
"The fund transfer service is slow, confusing, and inconvenient.",negative
The staff were rude and did not help me.,negative
The ATM system is easy to use and very reliable.,positive
"The fund transfer service is slow, confusing, and inconvenient.",negative
I am not satisfied with the branch service.,negative
The staff were excellent and helped me quickly.,positive
The loan application process was very poor and weak.,negative
The bank did not solve my loan request properly.,negative
I do not trust the bank because the fund transfer service has many errors.,negative
The staff were inefficient and did not help me.,negative
The bank solved my payment dispute in a professional way.,positive
My card payment was completed without any problem.,positive
The bank did not solve my transaction complaint properly.,negative
My account balance request was completed without any problem.,positive
The customer portal is easy to use and very reliable.,positive
I am not satisfied with the fund transfer service.,negative
The staff were rude and did not help me.,negative
The service at the agent banking location was excellent.,positive
I do not trust the bank because the agent banking service has many errors.,negative
I trust the bank because the loan application process is consistent.,positive
I am not satisfied with the branch service.,negative
The staff were clear and helped me quickly.,positive
My bill payment failed and caused a problem.,negative
My loan payment was completed without any problem.,positive
I like the queue management system because it saves time.,positive
I do not trust the bank because the agent banking service has many errors.,negative
I dislike the mobile app because it wastes time.,negative
The bank solved my mobile banking problem in a professional way.,positive
The staff were clear and helped me quickly.,positive
The service at the mobile app was poor.,negative
I dislike the queue management system because it wastes time.,negative
I do not trust the bank because the agent banking service has many errors.,negative
The staff were fast and helped me quickly.,positive
I like the SMS notification because it saves time.,positive
I trust the bank because the mobile banking service is consistent.,positive
I do not trust the bank because the loan application process has many errors.,negative
The online transfer was successful and very fast.,positive
My loan payment failed and caused a problem.,negative
The bank did not solve my loan request properly.,negative
The internet banking service was very delayed and difficult.,negative
The bank solved my payment dispute in a professional way.,positive
The staff were confusing and did not help me.,negative
I trust the bank because the ATM service is consistent.,positive
I like the queue management system because it saves time.,positive
The branch service was very helpful and effective.,positive
The card replacement process took too long.,negative
The bank solved my loan request in a professional way.,positive
The service at the branch was poor.,negative
I trust the bank because the digital payment service is consistent.,positive
I am very satisfied with the branch service.,positive
"The digital payment service is slow, confusing, and inconvenient.",negative
The mobile app is difficult to use and unreliable.,negative
The service at the mobile app was excellent.,positive
I do not trust the bank because the SMS notification service has many errors.,negative
I trust the bank because the loan application process is consistent.,positive
The customer portal is difficult to use and unreliable.,negative
The staff were helpful and helped me quickly.,positive
The online banking platform is easy to use and very reliable.,positive
The online banking platform is easy to use and very reliable.,positive
My cash withdrawal was completed without any problem.,positive
The service at the customer service desk was excellent.,positive
My cash withdrawal was completed without any problem.,positive
The service at the branch was poor.,negative
I trust the bank because the branch service is consistent.,positive
The customer portal is easy to use and very reliable.,positive
My deposit failed and caused a problem.,negative
The service at the call center was poor.,negative
I like the call center support because it saves time.,positive
My card payment was completed without any problem.,positive
The banking app is confusing and crashes often.,negative
The service at the ATM was excellent.,positive
I do not trust the bank because the mobile banking service has many errors.,negative
"The SMS notification service is slow, confusing, and inconvenient.",negative
The staff were slow and did not help me.,negative
The card replacement process took too long.,negative
The digital payment platform is easy to use and very reliable.,positive
The staff were delayed and did not help me.,negative
The digital payment platform is easy to use and very reliable.,positive
"The ATM service is fast, clear, and convenient.",positive
The service at the mobile app was poor.,negative
The card replacement service was very slow and disorganized.,negative
I do not trust the bank because the card replacement service has many errors.,negative
The staff were reliable and helped me quickly.,positive
The bank did not solve my card issue properly.,negative
The staff were unreliable and did not help me.,negative
The online banking platform is easy to use and very reliable.,positive
My bill payment failed and caused a problem.,negative
I trust the bank because the mobile banking service is consistent.,positive
The online banking platform is easy to use and very reliable.,positive
The staff were efficient and helped me quickly.,positive
"The customer support service is slow, confusing, and inconvenient.",negative
I like the call center support because it saves time.,positive
I do not trust the bank because the SMS notification service has many errors.,negative
The ATM system is difficult to use and unreliable.,negative
I am very satisfied with the customer support service.,positive
The bank did not solve my mobile banking problem properly.,negative
My money transfer failed and caused a problem.,negative
My card payment was completed without any problem.,positive
I do not trust the bank because the internet banking service has many errors.,negative
I am not satisfied with the mobile banking service.,negative
I am not satisfied with the agent banking service.,negative
I do not trust the bank because the card replacement service has many errors.,negative
The bank did not solve my loan request properly.,negative
"The SMS notification service is slow, confusing, and inconvenient.",negative
I am very satisfied with the customer support service.,positive
The service at the branch was excellent.,positive
My bill payment failed and caused a problem.,negative
The staff were friendly and helped me quickly.,positive
My bill payment was completed without any problem.,positive
"The branch service is fast, clear, and convenient.",positive
"The fund transfer service is slow, confusing, and inconvenient.",negative
The account opening process was very unreliable and inaccurate.,negative
My loan payment was completed without any problem.,positive
I trust the bank because the branch service is consistent.,positive
The banking system is difficult to use and unreliable.,negative
The bank did not solve my payment dispute properly.,negative
My bill payment failed and caused a problem.,negative
The staff were reliable and helped me quickly.,positive
I trust the bank because the loan application process is consistent.,positive
The mobile app is easy to use and very reliable.,positive
The bank solved my payment dispute in a professional way.,positive
The digital payment service was very poor and unclear.,negative
I dislike the mobile app because it wastes time.,negative
I am not satisfied with the agent banking service.,negative
The mobile banking service was very inefficient and difficult.,negative
The staff were reliable and helped me quickly.,positive
The staff were clear and helped me quickly.,positive
The bank did not solve my loan request properly.,negative
The banking system is difficult to use and unreliable.,negative
I am very satisfied with the internet banking service.,positive
The bank solved my transaction complaint in a professional way.,positive
The banking system is difficult to use and unreliable.,negative
The staff were friendly and helped me quickly.,positive
The service at the agent banking location was poor.,negative
My deposit failed and caused a problem.,negative
I do not trust the bank because the card replacement service has many errors.,negative
The staff were stressful and did not help me.,negative
The staff were clear and helped me quickly.,positive
I do not trust the bank because the loan application process has many errors.,negative
I trust the bank because the SMS notification service is consistent.,positive
I am very satisfied with the ATM service.,positive
The staff were stressful and did not help me.,negative
My money transfer failed and caused a problem.,negative
"The ATM service is fast, clear, and convenient.",positive
The service at the mobile app was poor.,negative
The service at the branch was excellent.,positive
I like the online payment option because it saves time.,positive
The staff were professional and helped me quickly.,positive
The service at the agent banking location was poor.,negative
I like the online payment option because it saves time.,positive
The internet banking service was very helpful and accurate.,positive
The card replacement service was very delayed and expensive.,negative
The branch service was very delayed and inaccurate.,negative
My loan payment failed and caused a problem.,negative
The call center was helpful and answered my question quickly.,positive
The service at the mobile app was poor.,negative
The internet banking service was very fast and respectful.,positive
I am very satisfied with the loan application process.,positive
The loan application process was very inefficient and unresponsive.,negative
My money transfer was completed without any problem.,positive
I do not trust the bank because the agent banking service has many errors.,negative
The service at the mobile app was excellent.,positive
"The mobile banking service is slow, confusing, and inconvenient.",negative
The bank did not solve my payment dispute properly.,negative
I trust the bank because the customer support service is consistent.,positive
The service at the mobile app was excellent.,positive
The agent banking service is convenient for rural customers.,positive
The ATM system is difficult to use and unreliable.,negative
The service at the mobile app was excellent.,positive
"The agent banking service is slow, confusing, and inconvenient.",negative
I am not satisfied with the fund transfer service.,negative
The loan application process was very stressful and weak.,negative
I like the mobile app because it saves time.,positive
My deposit was completed without any problem.,positive
The banking app is confusing and crashes often.,negative
My card payment was completed without any problem.,positive
I trust the bank because the account opening process is consistent.,positive
"The card replacement service is slow, confusing, and inconvenient.",negative
I trust the bank because the fund transfer service is consistent.,positive
"The internet banking service is fast, clear, and convenient.",positive
I like the agent banking option because it saves time.,positive
"The customer support service is slow, confusing, and inconvenient.",negative
I like the queue management system because it saves time.,positive
I trust the bank because the loan application process is consistent.,positive
My deposit was completed without any problem.,positive
The service at the customer service desk was excellent.,positive
The fund transfer service was very inefficient and weak.,negative
The digital payment service was very professional and simple.,positive
The service at the call center was poor.,negative
The service at the branch was excellent.,positive
The bank solved my mobile banking problem in a professional way.,positive
"The customer support service is slow, confusing, and inconvenient.",negative
The service at the mobile app was poor.,negative
The ATM system is difficult to use and unreliable.,negative
My deposit failed and caused a problem.,negative
The bank solved my payment dispute in a professional way.,positive
The mobile app is easy to use and very reliable.,positive
I dislike the queue management system because it wastes time.,negative
I dislike the call center support because it wastes time.,negative
My money transfer failed and caused a problem.,negative
The ATM system is difficult to use and unreliable.,negative
I dislike the call center support because it wastes time.,negative
I trust the bank because the card replacement service is consistent.,positive
The customer portal is difficult to use and unreliable.,negative
I like the online payment option because it saves time.,positive
The bank solved my payment dispute in a professional way.,positive
The online banking platform is difficult to use and unreliable.,negative
I do not trust the bank because the agent banking service has many errors.,negative
I like the mobile app because it saves time.,positive
The bank did not solve my mobile banking problem properly.,negative
"The agent banking service is fast, clear, and convenient.",positive
The banking app is confusing and crashes often.,negative
I like the online payment option because it saves time.,positive
The loan officer explained everything clearly and respectfully.,positive
The mobile banking service was very friendly and easy.,positive
My cash withdrawal was completed without any problem.,positive
I dislike the mobile app because it wastes time.,negative
The customer portal is easy to use and very reliable.,positive
I am very satisfied with the digital payment service.,positive
The service at the agent banking location was poor.,negative
"The fund transfer service is slow, confusing, and inconvenient.",negative
The service at the agent banking location was excellent.,positive
The staff were efficient and helped me quickly.,positive
The bank solved my card issue in a professional way.,positive
The service at the ATM was poor.,negative
The service at the mobile app was excellent.,positive
I do not trust the bank because the ATM service has many errors.,negative
I do not trust the bank because the agent banking service has many errors.,negative
I am not satisfied with the customer support service.,negative
I dislike the online payment option because it wastes time.,negative
The bank solved my account problem in a professional way.,positive
I do not trust the bank because the SMS notification service has many errors.,negative
I do not trust the bank because the mobile banking service has many errors.,negative
My card payment was completed without any problem.,positive
The staff were slow and did not help me.,negative
The ATM system is easy to use and very reliable.,positive
"The account opening process is fast, clear, and convenient.",positive
The ATM service was very poor and difficult.,negative
The service at the ATM was excellent.,positive
I dislike the SMS notification because it wastes time.,negative
The agent banking service is convenient for rural customers.,positive
My card payment was completed without any problem.,positive
My loan payment was completed without any problem.,positive
"The loan application process is slow, confusing, and inconvenient.",negative
I trust the bank because the agent banking service is consistent.,positive
The bank solved my transaction complaint in a professional way.,positive
The bank solved my account problem in a professional way.,positive
I trust the bank because the fund transfer service is consistent.,positive
My loan payment failed and caused a problem.,negative
My deposit was completed without any problem.,positive
The system deducted my balance but the payment failed.,negative
The account opening process was very friendly and responsive.,positive
"The mobile app is good, but the SMS notification arrives late.",negative
My card payment was completed without any problem.,positive
The call center was helpful and answered my question quickly.,positive
The ATM system is difficult to use and unreliable.,negative
The staff were unprofessional and did not help me.,negative
The service at the mobile app was excellent.,positive
I like the mobile app because it saves time.,positive
The staff were excellent and helped me quickly.,positive
I do not trust the bank because the SMS notification service has many errors.,negative
"The branch was crowded, but the staff solved my problem professionally.",positive
I trust the bank because the fund transfer service is consistent.,positive
The banking system is easy to use and very reliable.,positive
The staff were rude and did not help me.,negative
My bill payment failed and caused a problem.,negative
The online transfer was successful and very fast.,positive
The customer portal is easy to use and very reliable.,positive
The fund transfer service was very confusing and weak.,negative
The agent banking service was very fast and simple.,positive
The bank did not solve my payment dispute properly.,negative
I am not satisfied with the SMS notification service.,negative
The service at the mobile app was excellent.,positive
"The mobile banking service is fast, clear, and convenient.",positive
My money transfer was completed without any problem.,positive
The banking app is confusing and crashes often.,negative
I dislike the mobile app because it wastes time.,negative
The staff were inefficient and did not help me.,negative
The bank solved my account problem in a professional way.,positive
The staff were professional and helped me quickly.,positive
I am very satisfied with the mobile banking service.,positive
The staff were slow and did not help me.,negative
The customer portal is difficult to use and unreliable.,negative
I am very satisfied with the card replacement service.,positive
I do not trust the bank because the branch service has many errors.,negative
The staff were poor and did not help me.,negative
The agent banking service was very convenient and simple.,positive
I trust the bank because the card replacement service is consistent.,positive
The bank did not solve my account problem properly.,negative
The account opening process was very unprofessional and unclear.,negative
The service at the branch was poor.,negative
The bank did not solve my payment dispute properly.,negative
My loan payment was completed without any problem.,positive
The ATM system is easy to use and very reliable.,positive
The bank did not solve my transaction complaint properly.,negative
I like the call center support because it saves time.,positive
The SMS notification service was very unprofessional and unresponsive.,negative
The online banking platform is difficult to use and unreliable.,negative
The ATM system is difficult to use and unreliable.,negative
The customer portal is difficult to use and unreliable.,negative
I dislike the SMS notification because it wastes time.,negative
The staff were smooth and helped me quickly.,positive
The online banking platform is difficult to use and unreliable.,negative
The account opening process was very clear and effective.,positive
My cash withdrawal failed and caused a problem.,negative
I am very satisfied with the SMS notification service.,positive
I am not satisfied with the agent banking service.,negative
My deposit was completed without any problem.,positive
"The ATM service is fast, clear, and convenient.",positive
The mobile app is difficult to use and unreliable.,negative
The bank solved my transaction complaint in a professional way.,positive
The call center was helpful and answered my question quickly.,positive
I trust the bank because the mobile banking service is consistent.,positive
"The mobile banking service is fast, clear, and convenient.",positive
The banking system is easy to use and very reliable.,positive
My account balance request failed and caused a problem.,negative
The staff were professional and helped me quickly.,positive
I like the call center support because it saves time.,positive
The staff were poor and did not help me.,negative
The mobile app is difficult to use and unreliable.,negative
The bank did not solve my mobile banking problem properly.,negative
My deposit failed and caused a problem.,negative
The bank solved my card issue in a professional way.,positive
The mobile app is difficult to use and unreliable.,negative
The service at the mobile app was excellent.,positive
"The digital payment service is slow, confusing, and inconvenient.",negative
"The card replacement service is slow, confusing, and inconvenient.",negative
I am not satisfied with the mobile banking service.,negative
The staff were convenient and helped me quickly.,positive
The service at the call center was poor.,negative
"The SMS notification service is fast, clear, and convenient.",positive
The service at the call center was poor.,negative
The bank solved my loan request in a professional way.,positive
My cash withdrawal failed and caused a problem.,negative
The service at the mobile app was excellent.,positive
I trust the bank because the digital payment service is consistent.,positive
The service at the call center was excellent.,positive
The bank did not solve my transaction complaint properly.,negative
The customer portal is difficult to use and unreliable.,negative
The system deducted my balance but the payment failed.,negative
My loan payment was completed without any problem.,positive
I am very satisfied with the loan application process.,positive
The staff were rude and did not help me.,negative
My bill payment failed and caused a problem.,negative
I do not trust the bank because the fund transfer service has many errors.,negative
The online banking platform is difficult to use and unreliable.,negative
I am not satisfied with the internet banking service.,negative
I am not satisfied with the mobile banking service.,negative
The internet banking service was very helpful and accurate.,positive
The staff were fast and helped me quickly.,positive
The customer portal is difficult to use and unreliable.,negative
The customer portal is easy to use and very reliable.,positive
The service at the customer service desk was poor.,negative
The mobile app is easy to use and very reliable.,positive
I am not satisfied with the fund transfer service.,negative
"The card replacement service is fast, clear, and convenient.",positive
I like the call center support because it saves time.,positive
I am very satisfied with the card replacement service.,positive
The banking system is difficult to use and unreliable.,negative
I am very satisfied with the mobile banking service.,positive
I like the agent banking option because it saves time.,positive
The bank solved my account problem in a professional way.,positive
I do not trust the bank because the ATM service has many errors.,negative
My account balance request failed and caused a problem.,negative
I am very satisfied with the fund transfer service.,positive
I trust the bank because the customer support service is consistent.,positive
The staff were helpful and helped me quickly.,positive
I am not satisfied with the SMS notification service.,negative
My money transfer failed and caused a problem.,negative
The staff were inefficient and did not help me.,negative
The service at the ATM was excellent.,positive
I trust the bank because the SMS notification service is consistent.,positive
I do not trust the bank because the SMS notification service has many errors.,negative
I do not trust the bank because the fund transfer service has many errors.,negative
The mobile app is easy to use and very reliable.,positive
The bank solved my payment dispute in a professional way.,positive
The bank solved my loan request in a professional way.,positive
The staff were professional and helped me quickly.,positive
I like the SMS notification because it saves time.,positive
I like the call center support because it saves time.,positive
I like the mobile app because it saves time.,positive
The mobile app is difficult to use and unreliable.,negative
"The customer support service is slow, confusing, and inconvenient.",negative
The banking system is easy to use and very reliable.,positive
The staff were rude and did not help me.,negative
"The agent banking service is slow, confusing, and inconvenient.",negative
The service at the call center was poor.,negative
The mobile app is difficult to use and unreliable.,negative
I dislike the SMS notification because it wastes time.,negative
The bank did not solve my account problem properly.,negative
I trust the bank because the SMS notification service is consistent.,positive
The online banking platform is easy to use and very reliable.,positive
The online banking platform is easy to use and very reliable.,positive
I am very satisfied with the agent banking service.,positive
The service at the branch was excellent.,positive
I like the mobile app because it saves time.,positive
I am not satisfied with the account opening process.,negative
I am very satisfied with the card replacement service.,positive
I dislike the agent banking option because it wastes time.,negative
The staff were fast and helped me quickly.,positive
The service at the call center was poor.,negative
The service at the call center was excellent.,positive
The customer support service was very rude and unclear.,negative
The customer portal is easy to use and very reliable.,positive
"The customer support service is slow, confusing, and inconvenient.",negative
The service at the ATM was excellent.,positive
I do not trust the bank because the digital payment service has many errors.,negative
I am very satisfied with the mobile banking service.,positive
The bank solved my mobile banking problem in a professional way.,positive
The bank did not solve my account problem properly.,negative
The service at the customer service desk was poor.,negative
The online banking platform is easy to use and very reliable.,positive
I trust the bank because the account opening process is consistent.,positive
I dislike the call center support because it wastes time.,negative
The staff were convenient and helped me quickly.,positive
"The customer support service is fast, clear, and convenient.",positive
I am not satisfied with the card replacement service.,negative
The internet banking service was very rude and inaccurate.,negative
I am not satisfied with the loan application process.,negative
I like the queue management system because it saves time.,positive
My card payment was completed without any problem.,positive
I am not satisfied with the SMS notification service.,negative
The bank did not solve my mobile banking problem properly.,negative
"The mobile banking service is fast, clear, and convenient.",positive
"The digital payment service is fast, clear, and convenient.",positive
I am not satisfied with the customer support service.,negative
My money transfer was completed without any problem.,positive
The bank did not solve my transaction complaint properly.,negative
The customer support service was very unprofessional and unclear.,negative
My loan payment failed and caused a problem.,negative
I do not trust the bank because the digital payment service has many errors.,negative
I like the online payment option because it saves time.,positive
"The customer support service is slow, confusing, and inconvenient.",negative
My card payment was completed without any problem.,positive
The staff were professional and helped me quickly.,positive
The service at the branch was excellent.,positive
I like the queue management system because it saves time.,positive
The staff were complicated and did not help me.,negative
The bank solved my card issue in a professional way.,positive
"The internet banking service is slow, confusing, and inconvenient.",negative
I am very satisfied with the account opening process.,positive
My card payment was completed without any problem.,positive
The staff were unprofessional and did not help me.,negative
The staff were professional and helped me quickly.,positive
I dislike the agent banking option because it wastes time.,negative
"The digital payment service is slow, confusing, and inconvenient.",negative
The service at the mobile app was excellent.,positive
The ATM system is easy to use and very reliable.,positive
The customer portal is easy to use and very reliable.,positive
"The account opening process is fast, clear, and convenient.",positive
I am not satisfied with the internet banking service.,negative
The service at the ATM was poor.,negative
I am very satisfied with the ATM service.,positive
My loan payment failed and caused a problem.,negative
My cash withdrawal was completed without any problem.,positive
The bank did not solve my transaction complaint properly.,negative
The service at the ATM was poor.,negative
The ATM service was very clear and effective.,positive
The digital payment platform is easy to use and very reliable.,positive
I dislike the call center support because it wastes time.,negative
My account balance request failed and caused a problem.,negative
The ATM failed twice and the support team was slow.,negative
I trust the bank because the card replacement service is consistent.,positive
The banking system is easy to use and very reliable.,positive
I am very satisfied with the card replacement service.,positive
My card payment failed and caused a problem.,negative
The customer support service was very professional and accurate.,positive
I am not satisfied with the ATM service.,negative
I like the SMS notification because it saves time.,positive
I am very satisfied with the loan application process.,positive
I like the online payment option because it saves time.,positive
The branch service was very fast and easy.,positive
I am not satisfied with the mobile banking service.,negative
I am not satisfied with the ATM service.,negative
I trust the bank because the agent banking service is consistent.,positive
I dislike the queue management system because it wastes time.,negative
The bank solved my mobile banking problem in a professional way.,positive
The ATM service was very unreliable and unresponsive.,negative
I dislike the mobile app because it wastes time.,negative
I do not trust the bank because the mobile banking service has many errors.,negative
My account balance request failed and caused a problem.,negative
I dislike the call center support because it wastes time.,negative
My bill payment was completed without any problem.,positive
The bank solved my card issue in a professional way.,positive
I do not trust the bank because the card replacement service has many errors.,negative
The bank did not solve my card issue properly.,negative
The service at the ATM was excellent.,positive
The staff were slow and did not help me.,negative
I trust the bank because the mobile banking service is consistent.,positive
I am not satisfied with the ATM service.,negative
The digital payment platform is easy to use and very reliable.,positive
The staff were helpful and helped me quickly.,positive
The card replacement service was very stressful and weak.,negative
The staff were helpful and helped me quickly.,positive
The card replacement service was very confusing and disorganized.,negative
The card replacement service was very helpful and responsive.,positive
My money transfer was completed without any problem.,positive
The loan application process was very inefficient and unresponsive.,negative
My account balance request was completed without any problem.,positive
The service at the agent banking location was poor.,negative
The bank solved my mobile banking problem in a professional way.,positive
"The loan application process is fast, clear, and convenient.",positive
The digital payment platform is difficult to use and unreliable.,negative
"The ATM service is slow, confusing, and inconvenient.",negative
The service at the customer service desk was excellent.,positive
I trust the bank because the account opening process is consistent.,positive
"The customer support service is slow, confusing, and inconvenient.",negative
I like the agent banking option because it saves time.,positive
I dislike the queue management system because it wastes time.,negative
The agent banking service is convenient for rural customers.,positive
I trust the bank because the mobile banking service is consistent.,positive
I am very satisfied with the ATM service.,positive
The service at the customer service desk was excellent.,positive
The banking system is easy to use and very reliable.,positive
The service at the agent banking location was poor.,negative
The ATM system is easy to use and very reliable.,positive
The ATM system is easy to use and very reliable.,positive
My loan payment failed and caused a problem.,negative
"The customer support service is slow, confusing, and inconvenient.",negative
I dislike the queue management system because it wastes time.,negative
The service at the branch was excellent.,positive
The service at the ATM was poor.,negative
The card replacement process took too long.,negative
The ATM service was very efficient and organized.,positive
"The card replacement service is slow, confusing, and inconvenient.",negative
The service at the agent banking location was poor.,negative
I do not trust the bank because the card replacement service has many errors.,negative
I trust the bank because the internet banking service is consistent.,positive
My loan payment was completed without any problem.,positive
I trust the bank because the fund transfer service is consistent.,positive
I am not satisfied with the customer support service.,negative
I do not trust the bank because the agent banking service has many errors.,negative
I dislike the queue management system because it wastes time.,negative
I am not satisfied with the card replacement service.,negative
I trust the bank because the internet banking service is consistent.,positive
The staff were helpful and helped me quickly.,positive
The SMS notification service was very reliable and secure.,positive
I like the SMS notification because it saves time.,positive
My cash withdrawal was completed without any problem.,positive
The ATM system is easy to use and very reliable.,positive
I do not trust the bank because the internet banking service has many errors.,negative
The ATM system is easy to use and very reliable.,positive
I like the agent banking option because it saves time.,positive
The staff were complicated and did not help me.,negative
"The branch was crowded, but the staff solved my problem professionally.",positive
I do not trust the bank because the fund transfer service has many errors.,negative
The bank did not solve my mobile banking problem properly.,negative
The agent banking service was very confusing and difficult.,negative
The staff were efficient and helped me quickly.,positive
The card replacement service was very inefficient and inaccurate.,negative
The card replacement service was very delayed and frustrating.,negative
The branch service was very poor and weak.,negative
The service at the agent banking location was poor.,negative
The ATM system is difficult to use and unreliable.,negative
The service at the ATM was excellent.,positive
The branch service was very excellent and accurate.,positive
The agent banking service is convenient for rural customers.,positive
I am not satisfied with the customer support service.,negative
My account balance request was completed without any problem.,positive
The digital payment platform is easy to use and very reliable.,positive
The bank did not solve my account problem properly.,negative
The staff were delayed and did not help me.,negative
The customer support service was very excellent and secure.,positive
I do not trust the bank because the digital payment service has many errors.,negative
My money transfer was completed without any problem.,positive
My cash withdrawal failed and caused a problem.,negative
"The card replacement service is slow, confusing, and inconvenient.",negative
The staff were clear and helped me quickly.,positive
I am very satisfied with the digital payment service.,positive
I am very satisfied with the customer support service.,positive
My account balance request was completed without any problem.,positive
The mobile app is difficult to use and unreliable.,negative
"The card replacement service is slow, confusing, and inconvenient.",negative
The staff were complicated and did not help me.,negative
I am very satisfied with the mobile banking service.,positive
The card replacement service was very unprofessional and expensive.,negative
The service at the customer service desk was excellent.,positive
The bank did not solve my mobile banking problem properly.,negative
I do not trust the bank because the digital payment service has many errors.,negative
I am very satisfied with the customer support service.,positive
The bank solved my card issue in a professional way.,positive
"The branch was crowded, but the staff solved my problem professionally.",positive
I dislike the SMS notification because it wastes time.,negative
The bank solved my card issue in a professional way.,positive
The bank solved my account problem in a professional way.,positive
The staff were clear and helped me quickly.,positive
I trust the bank because the digital payment service is consistent.,positive
The banking system is easy to use and very reliable.,positive
The customer portal is easy to use and very reliable.,positive
The ATM failed twice and the support team was slow.,negative
I dislike the online payment option because it wastes time.,negative
The mobile banking service was very slow and unclear.,negative
My account balance request was completed without any problem.,positive
The internet banking service was very friendly and organized.,positive
"The SMS notification service is fast, clear, and convenient.",positive
"The mobile banking service is fast, clear, and convenient.",positive
The service at the branch was excellent.,positive
The staff were reliable and helped me quickly.,positive
"The mobile app is good, but the SMS notification arrives late.",negative
The digital payment platform is difficult to use and unreliable.,negative
"The customer support service is fast, clear, and convenient.",positive
The card replacement process took too long.,negative
The bank did not solve my transaction complaint properly.,negative
The service at the agent banking location was poor.,negative
I am not satisfied with the loan application process.,negative
I dislike the agent banking option because it wastes time.,negative
The staff were delayed and did not help me.,negative
I trust the bank because the branch service is consistent.,positive
The agent banking service was very reliable and accurate.,positive
The bank solved my payment dispute in a professional way.,positive
The staff were excellent and helped me quickly.,positive
The service at the mobile app was poor.,negative
The account opening process was very unprofessional and unresponsive.,negative
I like the queue management system because it saves time.,positive
The bank solved my mobile banking problem in a professional way.,positive
"The card replacement service is slow, confusing, and inconvenient.",negative
The ATM system is easy to use and very reliable.,positive
The card replacement process took too long.,negative
My money transfer was completed without any problem.,positive
I trust the bank because the internet banking service is consistent.,positive
"The mobile banking service is slow, confusing, and inconvenient.",negative
I am very satisfied with the internet banking service.,positive
I do not trust the bank because the account opening process has many errors.,negative
The staff were rude and did not help me.,negative
The service at the branch was excellent.,positive
I do not trust the bank because the SMS notification service has many errors.,negative
My loan payment was completed without any problem.,positive
"The agent banking service is slow, confusing, and inconvenient.",negative
I am not satisfied with the card replacement service.,negative
I am very satisfied with the card replacement service.,positive
"The card replacement service is fast, clear, and convenient.",positive
"The loan application process is fast, clear, and convenient.",positive
"The mobile app is good, but the SMS notification arrives late.",negative
The staff were excellent and helped me quickly.,positive
The bank did not solve my card issue properly.,negative
The staff were rude and did not help me.,negative
The internet banking service was very delayed and inaccurate.,negative
I am not satisfied with the loan application process.,negative
My bill payment was completed without any problem.,positive
My cash withdrawal was completed without any problem.,positive
I trust the bank because the SMS notification service is consistent.,positive
My money transfer failed and caused a problem.,negative
The banking system is easy to use and very reliable.,positive
The banking system is easy to use and very reliable.,positive
I trust the bank because the loan application process is consistent.,positive
The staff were delayed and did not help me.,negative
The call center was helpful and answered my question quickly.,positive
I trust the bank because the digital payment service is consistent.,positive
The mobile app is difficult to use and unreliable.,negative
"The branch was crowded, but the staff solved my problem professionally.",positive
The ATM service was very fast and simple.,positive
The staff were fast and helped me quickly.,positive
The bank did not solve my payment dispute properly.,negative
The mobile app is easy to use and very reliable.,positive
The staff were slow and did not help me.,negative
My cash withdrawal failed and caused a problem.,negative
The staff were fast and helped me quickly.,positive
"The fund transfer service is fast, clear, and convenient.",positive
The service at the call center was excellent.,positive
The staff were confusing and did not help me.,negative
My bill payment failed and caused a problem.,negative
I dislike the queue management system because it wastes time.,negative
The internet banking service was very poor and difficult.,negative
The digital payment platform is difficult to use and unreliable.,negative
I like the mobile app because it saves time.,positive
My money transfer failed and caused a problem.,negative
I am very satisfied with the branch service.,positive
The loan officer explained everything clearly and respectfully.,positive
I like the queue management system because it saves time.,positive
I like the mobile app because it saves time.,positive
The bank solved my card issue in a professional way.,positive
I dislike the online payment option because it wastes time.,negative
My card payment failed and caused a problem.,negative
The mobile app is easy to use and very reliable.,positive
My loan payment failed and caused a problem.,negative
The service at the call center was poor.,negative
I trust the bank because the mobile banking service is consistent.,positive
The bank did not solve my account problem properly.,negative
The bank solved my card issue in a professional way.,positive
I am very satisfied with the internet banking service.,positive
The banking system is difficult to use and unreliable.,negative
I am very satisfied with the internet banking service.,positive
The service at the customer service desk was excellent.,positive
The digital payment service was very convenient and responsive.,positive
My deposit failed and caused a problem.,negative
The staff were complicated and did not help me.,negative
My card payment was completed without any problem.,positive
I like the online payment option because it saves time.,positive
The digital payment service was very delayed and inaccurate.,negative
"The customer support service is slow, confusing, and inconvenient.",negative
My deposit was completed without any problem.,positive
The ATM failed twice and the support team was slow.,negative
I am not satisfied with the card replacement service.,negative
The ATM system is easy to use and very reliable.,positive
I do not trust the bank because the mobile banking service has many errors.,negative
"The customer support service is fast, clear, and convenient.",positive
The agent banking service was very smooth and responsive.,positive
The staff were complicated and did not help me.,negative
The staff were professional and helped me quickly.,positive
I like the agent banking option because it saves time.,positive
The customer support service was very helpful and effective.,positive
The service at the call center was poor.,negative
The digital payment platform is easy to use and very reliable.,positive
I trust the bank because the agent banking service is consistent.,positive
I do not trust the bank because the fund transfer service has many errors.,negative
The bank solved my loan request in a professional way.,positive
The mobile banking service was very clear and easy.,positive
The internet banking service was very poor and unresponsive.,negative
The service at the customer service desk was poor.,negative
The service at the call center was poor.,negative
I do not trust the bank because the agent banking service has many errors.,negative
I am not satisfied with the digital payment service.,negative
My card payment failed and caused a problem.,negative
"The ATM service is fast, clear, and convenient.",positive
The mobile banking service was very slow and weak.,negative
I like the agent banking option because it saves time.,positive
I am not satisfied with the agent banking service.,negative
The service at the branch was poor.,negative
I trust the bank because the customer support service is consistent.,positive
The service at the customer service desk was poor.,negative
I am not satisfied with the branch service.,negative
I am very satisfied with the SMS notification service.,positive
The digital payment platform is difficult to use and unreliable.,negative
My bill payment failed and caused a problem.,negative
The staff were unreliable and did not help me.,negative
I trust the bank because the internet banking service is consistent.,positive
The service at the branch was excellent.,positive
"The branch was crowded, but the staff solved my problem professionally.",positive
The service at the agent banking location was excellent.,positive
My cash withdrawal failed and caused a problem.,negative
The service at the agent banking location was excellent.,positive
The staff were convenient and helped me quickly.,positive
The bank did not solve my account problem properly.,negative
"The branch service is slow, confusing, and inconvenient.",negative
The staff were unreliable and did not help me.,negative
My card payment failed and caused a problem.,negative
The staff were stressful and did not help me.,negative
I dislike the queue management system because it wastes time.,negative
"The fund transfer service is slow, confusing, and inconvenient.",negative
I am not satisfied with the customer support service.,negative
The fund transfer service was very efficient and effective.,positive
The ATM system is easy to use and very reliable.,positive
The card replacement process took too long.,negative
"The account opening process is fast, clear, and convenient.",positive
The customer support service was very confusing and frustrating.,negative
The bank did not solve my payment dispute properly.,negative
I do not trust the bank because the account opening process has many errors.,negative
I like the mobile app because it saves time.,positive
The staff were helpful and helped me quickly.,positive
The ATM service was very rude and expensive.,negative
The ATM system is easy to use and very reliable.,positive
The service at the call center was excellent.,positive
The staff were unreliable and did not help me.,negative
I dislike the mobile app because it wastes time.,negative
The staff were poor and did not help me.,negative
The card replacement service was very delayed and weak.,negative
The bank solved my payment dispute in a professional way.,positive
"The loan application process is slow, confusing, and inconvenient.",negative
The service at the ATM was excellent.,positive
I am very satisfied with the fund transfer service.,positive
The service at the customer service desk was excellent.,positive
"The agent banking service is slow, confusing, and inconvenient.",negative
The SMS notification service was very convenient and effective.,positive
I like the call center support because it saves time.,positive
The service at the mobile app was excellent.,positive
I am very satisfied with the loan application process.,positive
The internet banking service was very delayed and inaccurate.,negative
The staff were excellent and helped me quickly.,positive
My account balance request failed and caused a problem.,negative
I am very satisfied with the card replacement service.,positive
I like the SMS notification because it saves time.,positive
The customer portal is difficult to use and unreliable.,negative
The bank solved my account problem in a professional way.,positive
My account balance request was completed without any problem.,positive
The staff were rude and did not help me.,negative
The online transfer was successful and very fast.,positive
The staff were inefficient and did not help me.,negative
I am not satisfied with the SMS notification service.,negative
My deposit was completed without any problem.,positive
The bank did not solve my loan request properly.,negative
I like the mobile app because it saves time.,positive
I dislike the online payment option because it wastes time.,negative
I like the SMS notification because it saves time.,positive
The account opening process was very stressful and unclear.,negative
My deposit failed and caused a problem.,negative
The staff were efficient and helped me quickly.,positive
"The internet banking service is fast, clear, and convenient.",positive
My deposit failed and caused a problem.,negative
I am not satisfied with the digital payment service.,negative
The ATM failed twice and the support team was slow.,negative
I am not satisfied with the card replacement service.,negative
I am not satisfied with the loan application process.,negative
I do not trust the bank because the branch service has many errors.,negative
I do not trust the bank because the branch service has many errors.,negative
I do not trust the bank because the account opening process has many errors.,negative
I trust the bank because the mobile banking service is consistent.,positive
The bank did not solve my mobile banking problem properly.,negative
The internet banking service was very slow and inaccurate.,negative
I am not satisfied with the loan application process.,negative
I am very satisfied with the loan application process.,positive
I like the queue management system because it saves time.,positive
The staff were helpful and helped me quickly.,positive
The service at the branch was poor.,negative
I trust the bank because the branch service is consistent.,positive
The bank solved my payment dispute in a professional way.,positive
The ATM system is difficult to use and unreliable.,negative
The mobile app is difficult to use and unreliable.,negative
I do not trust the bank because the card replacement service has many errors.,negative
The staff were clear and helped me quickly.,positive
The staff were friendly and helped me quickly.,positive
I trust the bank because the internet banking service is consistent.,positive
I am not satisfied with the account opening process.,negative
The ATM system is difficult to use and unreliable.,negative
The staff were confusing and did not help me.,negative
I do not trust the bank because the fund transfer service has many errors.,negative
I am very satisfied with the mobile banking service.,positive
The internet banking service was very unprofessional and inaccurate.,negative
The ATM system is easy to use and very reliable.,positive
The service at the branch was poor.,negative
The agent banking service is convenient for rural customers.,positive
I like the online payment option because it saves time.,positive
The staff were inefficient and did not help me.,negative
I trust the bank because the branch service is consistent.,positive
I dislike the mobile app because it wastes time.,negative
I am very satisfied with the branch service.,positive
The online banking platform is difficult to use and unreliable.,negative
The agent banking service was very fast and respectful.,positive
I dislike the agent banking option because it wastes time.,negative
The loan officer explained everything clearly and respectfully.,positive
I dislike the agent banking option because it wastes time.,negative
I am very satisfied with the mobile banking service.,positive
I dislike the SMS notification because it wastes time.,negative
The loan application process was very complicated and disorganized.,negative
The bank solved my payment dispute in a professional way.,positive
"The SMS notification service is fast, clear, and convenient.",positive
The bank did not solve my card issue properly.,negative
The service at the mobile app was poor.,negative
The call center was helpful and answered my question quickly.,positive
I like the SMS notification because it saves time.,positive
I dislike the agent banking option because it wastes time.,negative
The system deducted my balance but the payment failed.,negative
The staff were convenient and helped me quickly.,positive
The staff were convenient and helped me quickly.,positive
I am not satisfied with the card replacement service.,negative
The ATM system is difficult to use and unreliable.,negative
The card replacement process took too long.,negative
The bank solved my card issue in a professional way.,positive
My deposit was completed without any problem.,positive
The call center was helpful and answered my question quickly.,positive
The staff were helpful and helped me quickly.,positive
The mobile app is difficult to use and unreliable.,negative
"The ATM service is fast, clear, and convenient.",positive
My bill payment failed and caused a problem.,negative
"The agent banking service is fast, clear, and convenient.",positive
The service at the call center was excellent.,positive
I do not trust the bank because the mobile banking service has many errors.,negative
I trust the bank because the fund transfer service is consistent.,positive
I like the queue management system because it saves time.,positive
I trust the bank because the account opening process is consistent.,positive
The agent banking service is convenient for rural customers.,positive
The agent banking service is convenient for rural customers.,positive
The SMS notification service was very slow and expensive.,negative
The bank did not solve my account problem properly.,negative
The digital payment platform is easy to use and very reliable.,positive
I dislike the agent banking option because it wastes time.,negative
I do not trust the bank because the agent banking service has many errors.,negative
I am very satisfied with the agent banking service.,positive
The banking app is confusing and crashes often.,negative
"The digital payment service is fast, clear, and convenient.",positive
I am very satisfied with the ATM service.,positive
I do not trust the bank because the customer support service has many errors.,negative
The service at the customer service desk was poor.,negative
The loan application process was very convenient and effective.,positive
The staff were confusing and did not help me.,negative
I dislike the agent banking option because it wastes time.,negative
The banking system is difficult to use and unreliable.,negative
I do not trust the bank because the loan application process has many errors.,negative
The bank solved my card issue in a professional way.,positive
My cash withdrawal failed and caused a problem.,negative
The banking system is difficult to use and unreliable.,negative
The banking app is confusing and crashes often.,negative
I dislike the agent banking option because it wastes time.,negative
The bank did not solve my payment dispute properly.,negative
I dislike the mobile app because it wastes time.,negative
The bank did not solve my transaction complaint properly.,negative
I do not trust the bank because the customer support service has many errors.,negative
The bank did not solve my account problem properly.,negative
I like the agent banking option because it saves time.,positive
The loan officer explained everything clearly and respectfully.,positive
I dislike the mobile app because it wastes time.,negative
The service at the call center was poor.,negative
I am not satisfied with the customer support service.,negative
The customer support service was very fast and respectful.,positive
The service at the agent banking location was excellent.,positive
I do not trust the bank because the fund transfer service has many errors.,negative
The staff were smooth and helped me quickly.,positive
I am not satisfied with the fund transfer service.,negative
The loan officer explained everything clearly and respectfully.,positive
The staff were fast and helped me quickly.,positive
The call center was helpful and answered my question quickly.,positive
The fund transfer service was very efficient and simple.,positive
The online banking platform is difficult to use and unreliable.,negative
The staff were excellent and helped me quickly.,positive
I am very satisfied with the mobile banking service.,positive
I am very satisfied with the digital payment service.,positive
The digital payment service was very unprofessional and unclear.,negative
The banking app is confusing and crashes often.,negative
The ATM system is difficult to use and unreliable.,negative
The SMS notification service was very slow and unresponsive.,negative
The account opening process was very smooth and easy.,positive
The staff were fast and helped me quickly.,positive
The ATM service was very professional and easy.,positive
The call center was helpful and answered my question quickly.,positive
The bank did not solve my loan request properly.,negative
The mobile banking service was very rude and unclear.,negative
"The card replacement service is slow, confusing, and inconvenient.",negative
The bank did not solve my account problem properly.,negative
I do not trust the bank because the agent banking service has many errors.,negative
I trust the bank because the fund transfer service is consistent.,positive
The staff were friendly and helped me quickly.,positive
My loan payment failed and caused a problem.,negative
I am very satisfied with the customer support service.,positive
The customer support service was very rude and weak.,negative
I do not trust the bank because the SMS notification service has many errors.,negative
I am not satisfied with the digital payment service.,negative
The service at the customer service desk was excellent.,positive
The service at the agent banking location was poor.,negative
I do not trust the bank because the SMS notification service has many errors.,negative
The staff were clear and helped me quickly.,positive
I am very satisfied with the customer support service.,positive
The loan officer explained everything clearly and respectfully.,positive
The bank solved my mobile banking problem in a professional way.,positive
I am not satisfied with the agent banking service.,negative
The service at the customer service desk was poor.,negative
The bank did not solve my payment dispute properly.,negative
I am very satisfied with the mobile banking service.,positive
"The mobile app is good, but the SMS notification arrives late.",negative
"The internet banking service is slow, confusing, and inconvenient.",negative
I do not trust the bank because the ATM service has many errors.,negative
I do not trust the bank because the agent banking service has many errors.,negative
The customer support service was very stressful and disorganized.,negative
My bill payment was completed without any problem.,positive
I trust the bank because the customer support service is consistent.,positive
I like the online payment option because it saves time.,positive
"The loan application process is fast, clear, and convenient.",positive
I dislike the SMS notification because it wastes time.,negative
The online banking platform is easy to use and very reliable.,positive
The customer portal is easy to use and very reliable.,positive
I trust the bank because the mobile banking service is consistent.,positive
The system deducted my balance but the payment failed.,negative
The bank did not solve my mobile banking problem properly.,negative
The staff were clear and helped me quickly.,positive
The card replacement process took too long.,negative
"The branch service is slow, confusing, and inconvenient.",negative
I trust the bank because the agent banking service is consistent.,positive
The staff were rude and did not help me.,negative
The digital payment platform is easy to use and very reliable.,positive
The customer support service was very poor and unresponsive.,negative
The service at the mobile app was excellent.,positive
I like the agent banking option because it saves time.,positive
The mobile app is easy to use and very reliable.,positive
I do not trust the bank because the agent banking service has many errors.,negative
I trust the bank because the loan application process is consistent.,positive
The card replacement process took too long.,negative
I am not satisfied with the digital payment service.,negative
The internet banking service was very rude and disorganized.,negative
I like the online payment option because it saves time.,positive
I do not trust the bank because the branch service has many errors.,negative
I trust the bank because the internet banking service is consistent.,positive
My account balance request failed and caused a problem.,negative
My account balance request was completed without any problem.,positive
The staff were complicated and did not help me.,negative
The loan application process was very poor and expensive.,negative
I am very satisfied with the agent banking service.,positive
The digital payment platform is difficult to use and unreliable.,negative
The staff were unprofessional and did not help me.,negative
I am not satisfied with the card replacement service.,negative
The staff were confusing and did not help me.,negative
The staff were smooth and helped me quickly.,positive
The service at the ATM was excellent.,positive
The staff were excellent and helped me quickly.,positive
The bank solved my transaction complaint in a professional way.,positive
The banking system is difficult to use and unreliable.,negative
I like the SMS notification because it saves time.,positive
I dislike the SMS notification because it wastes time.,negative
I dislike the SMS notification because it wastes time.,negative
The bank did not solve my mobile banking problem properly.,negative
"The mobile app is good, but the SMS notification arrives late.",negative
I am not satisfied with the account opening process.,negative
The system deducted my balance but the payment failed.,negative
My account balance request failed and caused a problem.,negative
The bank did not solve my payment dispute properly.,negative
The branch service was very fast and secure.,positive
The service at the customer service desk was poor.,negative
I am very satisfied with the internet banking service.,positive
The service at the ATM was poor.,negative
My money transfer failed and caused a problem.,negative
I dislike the SMS notification because it wastes time.,negative
The mobile banking service was very complicated and frustrating.,negative
"The customer support service is fast, clear, and convenient.",positive
I am very satisfied with the loan application process.,positive
The card replacement service was very helpful and respectful.,positive
The staff were complicated and did not help me.,negative
The system deducted my balance but the payment failed.,negative
The staff were stressful and did not help me.,negative
My account balance request was completed without any problem.,positive
The bank did not solve my payment dispute properly.,negative
I am very satisfied with the SMS notification service.,positive
"The mobile app is good, but the SMS notification arrives late.",negative
The service at the call center was poor.,negative
I am very satisfied with the fund transfer service.,positive
"The customer support service is slow, confusing, and inconvenient.",negative
The card replacement service was very rude and weak.,negative
The service at the branch was poor.,negative
I dislike the queue management system because it wastes time.,negative
The service at the customer service desk was excellent.,positive
The staff were professional and helped me quickly.,positive
The account opening process was very complicated and difficult.,negative
My loan payment failed and caused a problem.,negative
I like the online payment option because it saves time.,positive
The staff were smooth and helped me quickly.,positive
The online banking platform is easy to use and very reliable.,positive
My bill payment failed and caused a problem.,negative
The ATM system is easy to use and very reliable.,positive
The ATM system is easy to use and very reliable.,positive
The card replacement service was very fast and organized.,positive
"The customer support service is fast, clear, and convenient.",positive
My cash withdrawal failed and caused a problem.,negative
The mobile app is easy to use and very reliable.,positive
The card replacement service was very fast and simple.,positive
My money transfer failed and caused a problem.,negative
I do not trust the bank because the account opening process has many errors.,negative
The branch service was very professional and effective.,positive
The call center was helpful and answered my question quickly.,positive
The agent banking service is convenient for rural customers.,positive
The service at the call center was poor.,negative
I do not trust the bank because the loan application process has many errors.,negative
I am not satisfied with the card replacement service.,negative
My bill payment failed and caused a problem.,negative
The banking system is difficult to use and unreliable.,negative
The branch service was very fast and organized.,positive
I dislike the mobile app because it wastes time.,negative
I am not satisfied with the branch service.,negative
I do not trust the bank because the ATM service has many errors.,negative
My deposit was completed without any problem.,positive
The service at the agent banking location was poor.,negative
I like the agent banking option because it saves time.,positive
I do not trust the bank because the ATM service has many errors.,negative
The banking system is easy to use and very reliable.,positive
I like the queue management system because it saves time.,positive
I trust the bank because the loan application process is consistent.,positive
"The mobile app is good, but the SMS notification arrives late.",negative
The online banking platform is easy to use and very reliable.,positive
"The ATM service is slow, confusing, and inconvenient.",negative
The customer portal is difficult to use and unreliable.,negative
The account opening process was very poor and weak.,negative
My deposit was completed without any problem.,positive
The service at the call center was poor.,negative
The mobile app is easy to use and very reliable.,positive
"The branch service is slow, confusing, and inconvenient.",negative
I like the agent banking option because it saves time.,positive
I do not trust the bank because the loan application process has many errors.,negative
The staff were unprofessional and did not help me.,negative
I like the online payment option because it saves time.,positive
The branch service was very reliable and organized.,positive
The ATM system is easy to use and very reliable.,positive
I am very satisfied with the SMS notification service.,positive
The service at the customer service desk was excellent.,positive
I dislike the SMS notification because it wastes time.,negative
The internet banking service was very professional and effective.,positive
The ATM failed twice and the support team was slow.,negative
"The branch service is fast, clear, and convenient.",positive
The bank solved my account problem in a professional way.,positive
I dislike the mobile app because it wastes time.,negative
The bank solved my account problem in a professional way.,positive
The staff were excellent and helped me quickly.,positive
The account opening process was very excellent and simple.,positive
The staff were unprofessional and did not help me.,negative
My bill payment failed and caused a problem.,negative
The staff were delayed and did not help me.,negative
The branch service was very excellent and simple.,positive
My loan payment was completed without any problem.,positive
I dislike the call center support because it wastes time.,negative
I trust the bank because the customer support service is consistent.,positive
The customer portal is easy to use and very reliable.,positive
The bank did not solve my card issue properly.,negative
I am not satisfied with the SMS notification service.,negative
I am not satisfied with the customer support service.,negative
The card replacement service was very smooth and accurate.,positive
I am very satisfied with the branch service.,positive
The online banking platform is easy to use and very reliable.,positive
The system deducted my balance but the payment failed.,negative
I like the mobile app because it saves time.,positive
I trust the bank because the ATM service is consistent.,positive
I am very satisfied with the account opening process.,positive
The staff were helpful and helped me quickly.,positive
The bank solved my transaction complaint in a professional way.,positive
The customer support service was very convenient and simple.,positive
The service at the call center was poor.,negative
The digital payment service was very efficient and organized.,positive
The fund transfer service was very helpful and easy.,positive
The banking system is easy to use and very reliable.,positive
The staff were stressful and did not help me.,negative
The fund transfer service was very confusing and difficult.,negative
My loan payment failed and caused a problem.,negative
The online banking platform is easy to use and very reliable.,positive
I do not trust the bank because the account opening process has many errors.,negative
I like the queue management system because it saves time.,positive
I trust the bank because the fund transfer service is consistent.,positive
The bank solved my account problem in a professional way.,positive
"The internet banking service is fast, clear, and convenient.",positive
"The internet banking service is fast, clear, and convenient.",positive
The online banking platform is difficult to use and unreliable.,negative
The staff were rude and did not help me.,negative
I am not satisfied with the ATM service.,negative
The bank solved my loan request in a professional way.,positive
The SMS notification service was very slow and weak.,negative
I am very satisfied with the customer support service.,positive
The branch service was very excellent and simple.,positive
I am not satisfied with the fund transfer service.,negative
The staff were delayed and did not help me.,negative
"The loan application process is slow, confusing, and inconvenient.",negative
The service at the customer service desk was excellent.,positive
I dislike the queue management system because it wastes time.,negative
My bill payment failed and caused a problem.,negative
I dislike the queue management system because it wastes time.,negative
My card payment failed and caused a problem.,negative
I am not satisfied with the agent banking service.,negative
The bank did not solve my account problem properly.,negative
"The SMS notification service is slow, confusing, and inconvenient.",negative
"The internet banking service is slow, confusing, and inconvenient.",negative
I do not trust the bank because the account opening process has many errors.,negative
The fund transfer service was very unprofessional and weak.,negative
I am not satisfied with the SMS notification service.,negative
The service at the mobile app was excellent.,positive
I like the agent banking option because it saves time.,positive
I am not satisfied with the ATM service.,negative
My loan payment failed and caused a problem.,negative
I am not satisfied with the SMS notification service.,negative
The loan officer explained everything clearly and respectfully.,positive
The ATM system is difficult to use and unreliable.,negative
I am not satisfied with the internet banking service.,negative
I dislike the call center support because it wastes time.,negative
I am very satisfied with the digital payment service.,positive
The digital payment service was very stressful and inaccurate.,negative
The loan application process was very fast and simple.,positive
My loan payment was completed without any problem.,positive
The loan officer explained everything clearly and respectfully.,positive
The service at the branch was excellent.,positive
The banking system is difficult to use and unreliable.,negative
The staff were poor and did not help me.,negative
I am not satisfied with the SMS notification service.,negative
The fund transfer service was very reliable and organized.,positive
The staff were convenient and helped me quickly.,positive
The bank did not solve my mobile banking problem properly.,negative
The agent banking service was very confusing and inaccurate.,negative
I am not satisfied with the agent banking service.,negative
The staff were unprofessional and did not help me.,negative
The service at the call center was excellent.,positive
My card payment failed and caused a problem.,negative
The bank did not solve my mobile banking problem properly.,negative
The bank solved my payment dispute in a professional way.,positive
I am very satisfied with the ATM service.,positive
The staff were clear and helped me quickly.,positive
The service at the customer service desk was excellent.,positive
I trust the bank because the card replacement service is consistent.,positive
The staff were unreliable and did not help me.,negative
The staff were slow and did not help me.,negative
The mobile app is difficult to use and unreliable.,negative
The bank solved my account problem in a professional way.,positive
"The mobile app is good, but the SMS notification arrives late.",negative
I trust the bank because the account opening process is consistent.,positive
The system deducted my balance but the payment failed.,negative
The bank did not solve my mobile banking problem properly.,negative
The bank solved my transaction complaint in a professional way.,positive
"The card replacement service is slow, confusing, and inconvenient.",negative
"The loan application process is slow, confusing, and inconvenient.",negative
The ATM system is difficult to use and unreliable.,negative
I trust the bank because the customer support service is consistent.,positive
The staff were friendly and helped me quickly.,positive
I trust the bank because the digital payment service is consistent.,positive
I am very satisfied with the fund transfer service.,positive
I dislike the agent banking option because it wastes time.,negative
The service at the mobile app was excellent.,positive
I dislike the agent banking option because it wastes time.,negative
My money transfer failed and caused a problem.,negative
I like the agent banking option because it saves time.,positive
The staff were helpful and helped me quickly.,positive
I do not trust the bank because the SMS notification service has many errors.,negative
The service at the mobile app was poor.,negative
The bank did not solve my transaction complaint properly.,negative
The service at the mobile app was poor.,negative
The staff were delayed and did not help me.,negative
The digital payment platform is difficult to use and unreliable.,negative
I am not satisfied with the customer support service.,negative
"The branch service is slow, confusing, and inconvenient.",negative
I like the online payment option because it saves time.,positive
The staff were delayed and did not help me.,negative
"The branch was crowded, but the staff solved my problem professionally.",positive
I do not trust the bank because the SMS notification service has many errors.,negative
The ATM system is easy to use and very reliable.,positive
The online banking platform is easy to use and very reliable.,positive
I trust the bank because the SMS notification service is consistent.,positive
I like the call center support because it saves time.,positive
The service at the agent banking location was poor.,negative
The ATM system is easy to use and very reliable.,positive
The ATM failed twice and the support team was slow.,negative
I dislike the SMS notification because it wastes time.,negative
The staff were friendly and helped me quickly.,positive
The staff were professional and helped me quickly.,positive
The service at the mobile app was excellent.,positive
The online transfer was successful and very fast.,positive
